age,employmentType,monthlyIncome,existingMonthlyDebt,loanProduct,loanAmount,termMonths,annualRate,yearsAsMember,priorLoans,priorLatePayments,hasCoMaker,hasRetirementPlan,documentsFlagged,defaulted
46,informal,35400.0,8100.0,emergency,41000.0,6,10.0,20,6,0,0,0,0,0
45,wage,15700.0,600.0,regular,67000.0,36,12.0,12,5,0,1,0,1,0
64,informal,6400.0,2400.0,regular,23000.0,18,12.0,18,8,2,1,0,0,0
42,self,9900.0,2500.0,salary,45000.0,18,14.0,8,3,0,1,0,1,0
25,wage,41700.0,3400.0,regular,467000.0,24,12.0,9,0,0,1,0,1,0
52,other,18400.0,4300.0,regular,8000.0,6,12.0,15,7,1,1,0,0,0
41,informal,15700.0,3100.0,emergency,5000.0,12,10.0,14,7,0,0,0,0,0
56,informal,46100.0,9600.0,regular,110000.0,12,12.0,3,0,0,1,1,1,0
65,wage,38900.0,18800.0,regular,118000.0,24,12.0,9,5,0,0,0,1,0
62,wage,22200.0,6300.0,salary,106000.0,12,14.0,21,10,1,1,0,0,0
47,wage,19300.0,1300.0,emergency,108000.0,12,10.0,13,9,1,1,0,0,1
33,informal,20700.0,5300.0,regular,124000.0,12,12.0,18,5,1,1,0,0,1
45,self,24400.0,2300.0,regular,364000.0,36,12.0,20,8,0,1,0,0,0
22,informal,45200.0,16700.0,salary,16000.0,6,14.0,7,5,1,1,1,0,0
50,wage,26600.0,1900.0,regular,228000.0,36,12.0,5,2,0,0,1,1,0
46,wage,30500.0,4300.0,regular,93000.0,12,12.0,14,5,1,0,1,0,0
59,self,37200.0,4000.0,emergency,171000.0,12,10.0,11,2,0,0,0,0,0
38,wage,13000.0,1200.0,emergency,18000.0,6,10.0,22,7,0,0,1,0,0
54,informal,30900.0,8400.0,plan-backed,60000.0,6,8.0,4,0,0,0,1,0,1
40,self,19300.0,7500.0,regular,15000.0,6,12.0,10,2,0,0,0,1,0
46,informal,7100.0,1800.0,regular,44000.0,18,12.0,1,0,0,1,0,0,1
58,wage,8400.0,1200.0,emergency,5000.0,6,10.0,9,4,0,1,1,0,0
36,other,13900.0,2300.0,emergency,27000.0,12,10.0,14,2,0,0,1,0,0
37,informal,27900.0,4000.0,regular,90000.0,36,12.0,19,5,1,0,0,0,0
40,informal,23200.0,3400.0,emergency,40000.0,6,10.0,21,8,1,0,1,0,0
45,wage,23900.0,2300.0,regular,27000.0,18,12.0,0,0,0,0,1,0,1
23,wage,52900.0,13600.0,salary,81000.0,18,14.0,21,6,0,0,0,0,1
27,wage,12400.0,2400.0,salary,21000.0,12,14.0,17,8,0,1,0,0,0
44,wage,21700.0,2000.0,regular,201000.0,36,12.0,5,3,0,1,0,0,0
56,self,25200.0,3100.0,plan-backed,224000.0,36,8.0,5,4,0,1,0,0,0
23,self,15800.0,1500.0,plan-backed,26000.0,6,8.0,19,6,0,1,1,0,0
43,other,22300.0,4000.0,regular,79000.0,18,12.0,17,7,2,0,0,0,0
58,wage,10700.0,1700.0,regular,60000.0,12,12.0,5,1,0,1,1,0,0
35,wage,41500.0,4900.0,emergency,51000.0,6,10.0,10,6,0,0,1,0,0
64,wage,16200.0,2200.0,regular,197000.0,36,12.0,21,7,1,0,1,1,0
40,wage,54900.0,1500.0,regular,95000.0,12,12.0,0,0,0,0,0,0,1
52,wage,21700.0,3600.0,regular,39000.0,6,12.0,12,2,0,0,0,0,0
31,wage,34900.0,7100.0,plan-backed,67000.0,12,8.0,21,6,1,0,0,1,0
61,wage,21500.0,9400.0,regular,244000.0,36,12.0,0,0,0,0,0,1,1
46,self,21700.0,4100.0,salary,117000.0,18,14.0,13,4,0,0,1,1,0
41,wage,16900.0,2800.0,regular,216000.0,36,12.0,13,1,0,1,0,1,0
31,informal,23200.0,400.0,regular,47000.0,18,12.0,7,3,0,0,1,0,0
56,self,25400.0,1100.0,salary,27000.0,6,14.0,13,6,0,0,1,0,0
37,wage,15500.0,5600.0,regular,25000.0,12,12.0,17,4,1,1,1,0,0
63,informal,20800.0,2500.0,regular,8000.0,6,12.0,7,3,0,1,1,0,0
24,informal,16700.0,2600.0,regular,26000.0,18,12.0,12,3,0,1,0,1,0
65,wage,61900.0,17600.0,salary,170000.0,12,14.0,13,5,0,1,0,0,0
34,wage,21100.0,4500.0,regular,95000.0,36,12.0,0,0,0,0,0,0,1
21,self,44100.0,4700.0,regular,124000.0,12,12.0,5,1,0,0,0,0,0
38,wage,20100.0,2600.0,regular,41000.0,12,12.0,16,2,0,1,0,2,0
35,wage,24700.0,4000.0,regular,104000.0,36,12.0,12,4,1,1,0,0,0
56,wage,12100.0,1100.0,regular,54000.0,18,12.0,24,9,0,0,0,0,0
64,informal,18000.0,2300.0,emergency,16000.0,6,10.0,21,6,1,0,1,0,0
50,self,24200.0,1200.0,regular,64000.0,18,12.0,5,2,0,1,0,0,0
48,self,44900.0,9000.0,regular,40000.0,12,12.0,24,9,0,1,0,0,0
26,informal,24300.0,5100.0,emergency,40000.0,12,10.0,21,8,0,1,0,0,0
31,wage,41000.0,14300.0,salary,199000.0,18,14.0,10,8,1,1,1,0,0
48,self,29400.0,1100.0,regular,215000.0,24,12.0,15,5,0,1,0,0,0
51,wage,45800.0,6200.0,regular,402000.0,36,12.0,6,1,0,1,0,2,1
40,wage,21400.0,3800.0,regular,180000.0,24,12.0,1,0,0,1,1,0,1
58,self,64500.0,8100.0,plan-backed,52000.0,18,8.0,5,2,0,1,1,0,0
39,wage,17700.0,1800.0,regular,36000.0,12,12.0,18,2,0,1,0,0,0
60,self,15600.0,2100.0,regular,27000.0,18,12.0,14,5,1,0,1,0,0
25,informal,12800.0,2400.0,regular,31000.0,18,12.0,11,3,1,0,1,0,1
59,self,62800.0,5000.0,regular,24000.0,12,12.0,12,5,1,0,1,1,0
47,self,31800.0,5600.0,regular,122000.0,36,12.0,19,9,1,1,1,0,0
64,self,18900.0,4400.0,regular,113000.0,36,12.0,17,2,1,1,1,2,0
28,wage,38600.0,1200.0,emergency,63000.0,6,10.0,15,3,0,1,0,2,0
26,wage,30000.0,3500.0,emergency,113000.0,12,10.0,12,8,0,1,0,1,0
33,wage,53300.0,1300.0,salary,140000.0,24,14.0,0,0,0,0,0,0,0
46,wage,11000.0,3000.0,salary,28000.0,6,14.0,8,2,0,0,0,0,0
57,wage,19500.0,4200.0,regular,110000.0,12,12.0,3,2,0,1,1,0,1
56,informal,17900.0,3000.0,plan-backed,371000.0,48,8.0,19,5,0,1,0,0,0
23,wage,9100.0,2600.0,salary,50000.0,12,14.0,8,2,0,0,0,0,1
41,wage,35500.0,8000.0,salary,158000.0,24,14.0,6,2,0,0,0,0,0
56,wage,19500.0,3900.0,salary,44000.0,12,14.0,12,5,0,0,1,0,1
54,wage,30700.0,9900.0,regular,16000.0,6,12.0,11,3,1,1,0,0,0
38,self,63600.0,1900.0,regular,354000.0,18,12.0,23,9,0,0,0,3,1
39,self,18800.0,6600.0,regular,75000.0,18,12.0,4,2,0,1,1,1,0
33,informal,18200.0,2900.0,regular,255000.0,36,12.0,20,2,0,0,1,0,0
33,self,23200.0,7800.0,emergency,20000.0,6,10.0,5,3,0,1,0,0,0
43,wage,34300.0,13600.0,regular,54000.0,6,12.0,20,6,0,0,0,0,0
41,informal,17000.0,3300.0,regular,20000.0,6,12.0,13,1,0,1,1,0,0
32,wage,16600.0,1000.0,plan-backed,78000.0,24,8.0,13,5,0,1,1,0,0
23,wage,35400.0,1700.0,salary,382000.0,24,14.0,17,0,0,0,0,2,0
58,wage,26100.0,1000.0,emergency,30000.0,12,10.0,2,1,0,0,0,0,0
57,self,8800.0,3300.0,regular,45000.0,36,12.0,19,14,3,0,0,1,0
23,wage,12700.0,3600.0,emergency,31000.0,12,10.0,18,5,1,0,0,1,0
47,wage,43200.0,4400.0,salary,190000.0,18,14.0,4,4,2,0,1,1,0
51,wage,26400.0,4300.0,salary,52000.0,18,14.0,2,0,0,1,1,0,0
46,wage,15600.0,1600.0,emergency,32000.0,6,10.0,18,4,0,0,0,2,0
57,self,20400.0,3300.0,emergency,46000.0,12,10.0,2,1,0,1,1,0,0
49,wage,22100.0,8300.0,regular,179000.0,24,12.0,14,1,0,0,0,1,1
30,wage,30600.0,4400.0,salary,47000.0,24,14.0,6,0,0,0,0,1,0
37,wage,11900.0,1700.0,plan-backed,14000.0,60,8.0,17,9,0,0,0,0,0
55,self,15100.0,300.0,regular,33000.0,12,12.0,23,6,2,0,1,0,0
65,wage,24900.0,7600.0,regular,40000.0,6,12.0,21,8,1,1,1,0,0
41,wage,21000.0,4600.0,regular,56000.0,36,12.0,18,9,2,0,0,0,0
38,wage,28500.0,4000.0,regular,168000.0,18,12.0,16,3,0,1,1,0,0
65,other,12700.0,5200.0,plan-backed,210000.0,60,8.0,1,0,0,1,1,0,0
31,informal,25800.0,7000.0,salary,43000.0,18,14.0,23,3,1,1,1,0,1
37,self,36000.0,3200.0,regular,87000.0,12,12.0,22,3,1,1,0,0,0
58,wage,27400.0,3300.0,regular,33000.0,12,12.0,1,0,0,0,0,0,0
35,other,23400.0,3800.0,regular,153000.0,24,12.0,19,12,2,1,0,0,1
50,informal,21100.0,400.0,regular,16000.0,12,12.0,2,1,0,0,0,0,0
61,self,15100.0,2900.0,emergency,7000.0,6,10.0,15,3,0,1,0,0,0
65,wage,21300.0,7900.0,salary,14000.0,6,14.0,6,3,0,1,0,0,1
50,wage,38800.0,1400.0,salary,144000.0,18,14.0,3,0,0,0,1,0,0
25,wage,20900.0,7100.0,regular,13000.0,6,12.0,5,1,0,1,0,2,0
55,informal,14700.0,3600.0,salary,28000.0,6,14.0,8,4,1,1,0,0,1
61,wage,17600.0,3300.0,salary,34000.0,6,14.0,8,2,0,1,0,0,1
39,wage,24100.0,3400.0,regular,248000.0,24,12.0,7,2,0,1,1,0,0
54,wage,18600.0,6400.0,emergency,20000.0,6,10.0,11,3,0,0,0,0,0
43,self,27400.0,2400.0,emergency,33000.0,6,10.0,16,9,2,1,1,0,0
65,wage,27800.0,4600.0,salary,77000.0,6,14.0,11,6,1,0,0,0,0
65,informal,32800.0,8800.0,regular,30000.0,18,12.0,14,4,0,0,0,0,0
48,informal,41700.0,1900.0,regular,34000.0,6,12.0,9,4,1,0,0,0,0
45,self,34400.0,7300.0,emergency,91000.0,6,10.0,6,2,1,0,0,0,0
53,wage,14400.0,6500.0,regular,60000.0,18,12.0,3,1,0,1,0,2,0
54,self,14700.0,1500.0,regular,54000.0,24,12.0,7,2,0,0,1,0,0
29,self,21300.0,6300.0,salary,10000.0,6,14.0,4,3,0,1,0,1,1
65,self,18000.0,2700.0,regular,49000.0,18,12.0,12,6,0,0,0,0,0
50,wage,13200.0,600.0,emergency,15000.0,12,10.0,16,4,1,1,0,1,0
53,wage,18000.0,6900.0,plan-backed,213000.0,36,8.0,21,6,0,0,0,0,0
27,wage,17800.0,2700.0,emergency,49000.0,12,10.0,7,1,0,0,1,0,0
53,wage,16300.0,900.0,emergency,19000.0,6,10.0,3,0,0,1,0,1,0
30,wage,19100.0,7500.0,emergency,63000.0,12,10.0,20,3,1,0,0,0,1
26,wage,37400.0,19100.0,regular,25000.0,6,12.0,18,6,0,1,1,0,0
58,wage,24100.0,9200.0,regular,126000.0,24,12.0,7,1,0,0,0,0,1
30,self,66900.0,9600.0,salary,142000.0,12,14.0,24,6,0,0,0,0,0
33,wage,23800.0,3700.0,regular,49000.0,6,12.0,16,4,0,1,0,1,0
56,informal,19300.0,5900.0,regular,125000.0,36,12.0,18,7,1,0,1,0,1
38,self,22000.0,5400.0,regular,121000.0,24,12.0,8,5,1,0,0,0,1
65,wage,24700.0,6300.0,salary,75000.0,6,14.0,11,12,3,1,0,0,0
44,self,26800.0,2200.0,regular,5000.0,6,12.0,8,4,1,0,1,0,0
40,wage,56000.0,7500.0,salary,57000.0,18,14.0,18,9,1,1,0,0,0
51,other,15000.0,2900.0,regular,28000.0,18,12.0,20,10,0,1,0,0,0
55,wage,32400.0,900.0,emergency,11000.0,6,10.0,21,6,0,1,0,1,0
46,informal,24200.0,4500.0,regular,93000.0,36,12.0,8,0,0,0,0,0,0
21,wage,10800.0,1200.0,regular,8000.0,24,12.0,19,3,1,1,0,0,0
29,wage,31100.0,11100.0,emergency,21000.0,6,10.0,17,10,0,0,0,0,0
26,wage,38900.0,18400.0,salary,93000.0,6,14.0,0,0,0,0,1,0,1
45,other,15000.0,1200.0,regular,18000.0,12,12.0,19,8,0,0,0,0,0
24,self,21900.0,5200.0,regular,108000.0,18,12.0,3,0,0,1,0,2,0
59,wage,10100.0,600.0,regular,28000.0,6,12.0,3,1,0,1,0,0,0
25,wage,12500.0,1600.0,regular,34000.0,12,12.0,2,2,0,1,1,0,0
48,wage,35300.0,6200.0,emergency,14000.0,6,10.0,13,7,0,0,0,0,0
23,wage,17800.0,1800.0,regular,36000.0,6,12.0,0,0,0,1,0,0,0
60,wage,13400.0,1800.0,emergency,8000.0,6,10.0,12,5,0,1,0,1,0
22,wage,24400.0,2300.0,regular,48000.0,12,12.0,17,8,1,1,0,0,0
52,informal,17400.0,1200.0,emergency,52000.0,6,10.0,13,3,1,1,1,1,0
51,informal,17800.0,9000.0,regular,14000.0,12,12.0,6,3,0,1,0,0,0
44,wage,30700.0,5300.0,emergency,107000.0,12,10.0,8,2,0,1,0,2,0
40,self,13000.0,3700.0,regular,44000.0,18,12.0,18,2,0,0,0,0,0
62,wage,14600.0,700.0,plan-backed,38000.0,12,8.0,8,3,0,0,0,0,0
45,self,23600.0,4200.0,emergency,39000.0,12,10.0,16,6,1,1,0,0,0
27,wage,34000.0,1100.0,salary,235000.0,18,14.0,17,12,1,0,0,0,0
36,self,38400.0,14800.0,regular,160000.0,18,12.0,13,1,0,1,1,1,1
47,self,16300.0,5000.0,regular,36000.0,6,12.0,9,5,1,0,1,0,0
39,informal,33500.0,1500.0,regular,57000.0,36,12.0,1,0,0,1,0,0,0
37,wage,15500.0,2300.0,regular,5000.0,24,12.0,18,4,0,1,0,1,0
28,informal,50000.0,8700.0,salary,204000.0,12,14.0,7,2,0,1,1,1,0
31,wage,13200.0,800.0,salary,19000.0,6,14.0,11,1,0,0,0,0,0
49,wage,40000.0,6500.0,emergency,16000.0,6,10.0,0,0,0,1,0,0,1
59,self,16400.0,7200.0,emergency,32000.0,6,10.0,18,12,0,0,1,0,0
27,wage,54400.0,8700.0,regular,258000.0,12,12.0,22,5,2,1,0,0,0
31,informal,28700.0,7700.0,regular,56000.0,12,12.0,21,2,0,1,0,0,0
60,informal,13900.0,3000.0,salary,60000.0,12,14.0,7,2,1,0,0,0,1
37,wage,17400.0,3300.0,regular,43000.0,6,12.0,2,0,0,1,0,0,1
33,other,31300.0,1000.0,regular,57000.0,12,12.0,2,0,0,1,0,2,0
45,wage,35300.0,2500.0,plan-backed,500000.0,60,8.0,9,3,0,1,1,0,0
32,wage,21300.0,3500.0,plan-backed,218000.0,60,8.0,0,0,0,1,0,0,0
60,wage,22400.0,2800.0,emergency,52000.0,6,10.0,4,1,0,1,0,0,0
29,other,30900.0,15300.0,regular,335000.0,24,12.0,15,4,0,0,1,0,0
48,wage,23300.0,6400.0,salary,48000.0,24,14.0,1,0,0,0,1,0,0
25,wage,12300.0,800.0,regular,30000.0,18,12.0,15,9,1,1,1,0,0
61,wage,15300.0,6500.0,regular,97000.0,12,12.0,21,7,1,1,0,0,1
32,other,24500.0,6900.0,regular,84000.0,18,12.0,24,10,1,1,1,1,0
56,informal,38000.0,700.0,plan-backed,124000.0,12,8.0,24,7,1,0,0,0,0
65,self,45500.0,7600.0,plan-backed,187000.0,18,8.0,7,2,0,1,0,0,0
46,informal,31200.0,13900.0,salary,70000.0,24,14.0,16,4,0,1,0,0,0
22,informal,25000.0,1400.0,regular,202000.0,24,12.0,1,0,0,0,0,0,1
37,wage,30800.0,4400.0,emergency,55000.0,6,10.0,5,1,0,1,0,1,0
43,wage,16300.0,7200.0,regular,24000.0,6,12.0,19,3,1,1,0,0,0
25,informal,20500.0,5600.0,salary,34000.0,24,14.0,5,2,0,1,0,0,0
36,self,15200.0,1700.0,regular,10000.0,6,12.0,7,0,0,0,0,0,0
46,wage,12500.0,1100.0,regular,48000.0,24,12.0,10,3,0,0,0,0,0
56,wage,25600.0,12400.0,salary,132000.0,12,14.0,8,6,1,0,0,1,1
29,self,23900.0,600.0,emergency,72000.0,6,10.0,18,6,0,1,1,0,0
48,wage,30000.0,10800.0,salary,36000.0,6,14.0,22,5,0,1,0,0,0
52,other,28100.0,4300.0,regular,20000.0,12,12.0,13,6,1,0,1,1,0
22,wage,24500.0,7000.0,salary,102000.0,18,14.0,14,3,0,0,0,1,0
40,wage,28300.0,6600.0,regular,98000.0,18,12.0,18,6,0,1,0,0,0
24,informal,21600.0,3800.0,regular,46000.0,6,12.0,10,3,0,1,0,1,0
58,wage,26500.0,3900.0,emergency,65000.0,6,10.0,11,4,0,1,0,2,1
50,wage,15900.0,6200.0,regular,11000.0,6,12.0,23,9,1,1,0,0,0
46,self,26000.0,10300.0,emergency,11000.0,6,10.0,9,2,1,1,0,1,0
52,informal,29700.0,1300.0,regular,299000.0,36,12.0,6,0,0,1,1,0,0
63,wage,16300.0,6200.0,regular,140000.0,36,12.0,0,0,0,1,1,0,0
49,wage,22500.0,4100.0,salary,113000.0,24,14.0,0,0,0,0,0,1,1
33,informal,16600.0,3500.0,regular,5000.0,6,12.0,19,4,0,1,0,0,0
50,other,17400.0,3800.0,salary,34000.0,12,14.0,5,1,0,1,0,0,0
56,wage,13300.0,2100.0,salary,10000.0,6,14.0,18,3,0,0,1,0,0
58,wage,38900.0,6000.0,regular,87000.0,18,12.0,1,0,0,1,1,0,0
44,wage,35500.0,700.0,salary,69000.0,18,14.0,19,8,1,0,0,0,0
38,wage,28000.0,9800.0,regular,161000.0,24,12.0,10,4,0,1,1,0,1
41,wage,53400.0,5400.0,regular,28000.0,12,12.0,20,11,1,0,0,0,0
35,self,20200.0,5400.0,regular,36000.0,6,12.0,20,9,1,1,0,0,0
30,wage,86100.0,12200.0,salary,119000.0,12,14.0,14,3,1,0,1,0,0
57,wage,19900.0,600.0,emergency,21000.0,6,10.0,24,4,1,1,0,0,0
63,self,24700.0,7900.0,emergency,123000.0,12,10.0,23,4,0,1,1,0,0
36,self,18400.0,4800.0,plan-backed,18000.0,6,8.0,17,4,0,1,0,0,0
47,wage,26000.0,2900.0,regular,93000.0,24,12.0,12,6,0,0,0,0,0
64,informal,32000.0,6600.0,salary,59000.0,12,14.0,23,5,0,1,1,1,0
37,self,20900.0,11100.0,salary,149000.0,18,14.0,24,6,1,1,0,1,0
53,self,48900.0,2300.0,plan-backed,271000.0,60,8.0,10,5,0,0,0,0,1
57,wage,24500.0,6100.0,plan-backed,75000.0,12,8.0,8,2,0,1,0,0,0
52,wage,24800.0,1600.0,plan-backed,121000.0,48,8.0,7,2,0,1,0,0,0
43,informal,14600.0,200.0,regular,10000.0,6,12.0,23,8,0,1,0,0,0
61,wage,26600.0,2300.0,salary,31000.0,24,14.0,3,0,0,1,0,1,0
36,wage,20700.0,1500.0,salary,34000.0,12,14.0,0,0,0,1,1,0,0
55,wage,16700.0,6200.0,emergency,12000.0,12,10.0,12,2,0,1,1,0,0
32,self,15500.0,1700.0,regular,45000.0,24,12.0,23,8,0,0,0,1,0
22,other,73200.0,11000.0,plan-backed,97000.0,36,8.0,8,2,0,0,1,0,0
58,wage,19500.0,2900.0,regular,57000.0,12,12.0,12,9,1,0,0,0,0
41,informal,11400.0,2000.0,emergency,43000.0,12,10.0,2,2,0,1,0,1,1
51,wage,16100.0,5400.0,emergency,22000.0,6,10.0,20,13,1,1,0,0,0
38,self,21500.0,1000.0,regular,25000.0,24,12.0,23,6,1,0,0,0,0
42,self,28100.0,8300.0,salary,91000.0,18,14.0,15,6,2,0,1,0,0
40,wage,28200.0,8000.0,regular,25000.0,18,12.0,3,2,0,1,1,1,0
47,wage,29800.0,9500.0,salary,16000.0,6,14.0,2,1,0,0,0,0,0
33,wage,16500.0,4900.0,salary,64000.0,12,14.0,18,6,0,0,0,1,0
30,other,25600.0,900.0,regular,94000.0,36,12.0,3,0,0,0,0,0,0
30,self,14800.0,3600.0,salary,44000.0,18,14.0,1,1,0,1,0,0,0
48,other,16600.0,4900.0,regular,162000.0,24,12.0,22,7,0,0,0,0,1
45,informal,14600.0,3200.0,salary,5000.0,12,14.0,13,9,0,1,1,0,0
64,wage,12900.0,300.0,plan-backed,162000.0,36,8.0,14,5,2,1,1,0,0
54,informal,35500.0,2000.0,regular,202000.0,18,12.0,16,7,3,1,0,0,1
32,wage,30000.0,3000.0,salary,80000.0,6,14.0,8,1,0,0,0,0,0
29,wage,34100.0,17300.0,emergency,38000.0,6,10.0,5,2,0,0,0,1,1
29,informal,22400.0,8200.0,emergency,65000.0,6,10.0,12,6,0,1,0,0,0
33,informal,31200.0,8800.0,salary,43000.0,18,14.0,1,0,0,1,0,0,0
54,wage,10000.0,1700.0,emergency,20000.0,6,10.0,7,1,0,0,0,1,1
50,wage,32400.0,10700.0,emergency,54000.0,6,10.0,14,3,0,0,0,0,0
33,self,23800.0,7500.0,regular,5000.0,12,12.0,23,8,1,1,0,0,0
51,informal,29200.0,7300.0,regular,40000.0,12,12.0,15,8,3,0,0,0,0
30,self,26100.0,12200.0,salary,117000.0,18,14.0,18,6,1,1,1,0,0
24,wage,14100.0,4600.0,regular,83000.0,18,12.0,7,3,0,1,0,0,0
39,wage,11200.0,3900.0,emergency,45000.0,6,10.0,1,1,0,1,0,0,1
24,wage,16000.0,2600.0,regular,38000.0,6,12.0,9,3,1,1,0,1,1
57,self,28400.0,16200.0,salary,96000.0,18,14.0,17,7,1,0,1,1,0
43,informal,30000.0,17400.0,emergency,22000.0,12,10.0,1,1,0,1,0,0,0
48,wage,11900.0,1400.0,regular,10000.0,24,12.0,21,7,1,1,1,0,0
58,wage,14100.0,300.0,regular,62000.0,18,12.0,7,2,0,1,0,0,0
53,wage,15900.0,5300.0,regular,40000.0,12,12.0,17,4,1,0,0,0,0
30,self,18700.0,5100.0,plan-backed,65000.0,18,8.0,22,6,1,1,0,1,0
38,informal,11900.0,800.0,emergency,27000.0,6,10.0,15,5,1,0,0,0,1
65,wage,11600.0,400.0,emergency,26000.0,6,10.0,4,0,0,1,1,0,0
42,wage,15200.0,2700.0,salary,10000.0,24,14.0,6,2,0,1,0,1,0
65,self,22900.0,2800.0,regular,170000.0,36,12.0,11,4,2,1,0,0,1
46,wage,12900.0,2400.0,regular,119000.0,36,12.0,24,7,0,1,1,0,0
48,informal,20900.0,7200.0,regular,37000.0,24,12.0,16,6,1,1,0,0,1
47,wage,35400.0,700.0,regular,21000.0,36,12.0,15,4,1,1,1,0,0
64,wage,12200.0,100.0,salary,52000.0,12,14.0,20,5,0,0,1,0,0
47,informal,20000.0,3100.0,salary,86000.0,12,14.0,3,2,0,0,0,0,1
38,wage,34900.0,3600.0,plan-backed,66000.0,12,8.0,2,0,0,0,0,0,0
41,wage,18200.0,5100.0,salary,13000.0,6,14.0,14,8,1,1,0,1,0
43,wage,17000.0,1000.0,emergency,56000.0,12,10.0,14,4,0,1,0,0,0
30,wage,37100.0,8700.0,regular,41000.0,6,12.0,6,1,0,0,1,0,0
52,wage,19200.0,4400.0,emergency,49000.0,12,10.0,15,3,0,1,1,1,0
37,wage,36200.0,12100.0,plan-backed,58000.0,48,8.0,3,0,0,0,0,0,1
24,wage,26700.0,9800.0,salary,22000.0,12,14.0,4,0,0,0,0,1,0
38,wage,18900.0,1400.0,emergency,50000.0,12,10.0,22,8,0,1,0,1,0
55,self,27300.0,5200.0,salary,34000.0,6,14.0,0,0,0,1,1,0,0
55,self,25400.0,1700.0,salary,116000.0,12,14.0,13,4,0,1,1,1,0
63,wage,34800.0,5700.0,plan-backed,33000.0,6,8.0,21,12,0,1,1,0,0
63,wage,17200.0,2100.0,salary,6000.0,6,14.0,17,11,0,1,1,0,0
46,wage,22400.0,6200.0,regular,26000.0,6,12.0,11,4,0,0,1,1,0
46,informal,21400.0,3200.0,regular,131000.0,24,12.0,7,4,0,1,0,0,0
30,informal,30200.0,4700.0,emergency,68000.0,12,10.0,1,0,0,1,0,0,0
63,wage,13900.0,4400.0,regular,216000.0,36,12.0,3,0,0,1,0,0,0
26,wage,34800.0,2400.0,plan-backed,500000.0,60,8.0,14,2,1,1,1,0,0
65,wage,27100.0,4500.0,emergency,144000.0,12,10.0,13,9,3,0,1,1,1
30,wage,12200.0,7100.0,emergency,62000.0,12,10.0,9,4,0,1,0,1,0
61,self,37900.0,10600.0,regular,95000.0,6,12.0,7,2,0,1,1,0,1
30,wage,60100.0,14200.0,emergency,277000.0,12,10.0,2,0,0,0,0,0,0
53,wage,34500.0,2400.0,emergency,51000.0,12,10.0,3,1,0,0,0,0,0
59,wage,41800.0,9900.0,regular,42000.0,6,12.0,7,3,0,1,0,0,0
53,wage,22900.0,4100.0,salary,38000.0,6,14.0,23,9,2,1,1,0,0
27,wage,10400.0,1600.0,regular,94000.0,36,12.0,8,3,1,0,1,0,0
63,informal,9600.0,1600.0,regular,108000.0,36,12.0,2,0,0,1,1,0,1
64,wage,24700.0,2200.0,regular,82000.0,12,12.0,14,8,1,1,0,0,0
50,informal,16900.0,6400.0,emergency,21000.0,6,10.0,3,2,1,1,1,0,0
56,wage,14600.0,1800.0,salary,23000.0,12,14.0,10,5,0,1,1,1,0
40,informal,21400.0,400.0,salary,32000.0,6,14.0,18,8,0,1,1,1,0
53,informal,29000.0,9400.0,regular,100000.0,24,12.0,2,0,0,0,1,0,0
65,other,11400.0,2700.0,plan-backed,28000.0,18,8.0,23,6,2,0,0,0,0
48,informal,18000.0,6400.0,salary,19000.0,6,14.0,15,7,0,0,0,0,0
33,informal,43400.0,26900.0,regular,136000.0,36,12.0,22,8,2,0,0,0,0
23,self,13600.0,1600.0,regular,69000.0,36,12.0,18,12,2,1,0,0,1
51,informal,32500.0,600.0,regular,250000.0,36,12.0,24,10,0,1,1,0,0
53,wage,17700.0,6700.0,salary,54000.0,24,14.0,12,4,0,0,0,0,0
57,wage,28100.0,3400.0,regular,85000.0,6,12.0,0,0,0,0,0,2,1
38,wage,36000.0,2600.0,emergency,133000.0,12,10.0,1,1,0,0,1,0,0
54,informal,30700.0,6900.0,salary,215000.0,24,14.0,4,1,0,1,0,0,0
26,wage,33100.0,6900.0,salary,173000.0,24,14.0,2,1,0,1,0,0,0
56,wage,13100.0,1400.0,salary,13000.0,12,14.0,20,11,1,0,0,0,1
58,self,36300.0,16400.0,salary,98000.0,12,14.0,23,8,0,1,0,0,0
33,wage,15000.0,6400.0,regular,179000.0,36,12.0,15,6,0,0,0,1,0
36,wage,24700.0,4300.0,salary,18000.0,6,14.0,4,0,0,1,0,0,0
58,wage,24700.0,4800.0,regular,41000.0,24,12.0,24,7,2,0,0,1,0
48,wage,27400.0,4300.0,regular,111000.0,24,12.0,7,0,0,1,0,0,0
43,wage,25600.0,4700.0,plan-backed,142000.0,48,8.0,22,3,0,0,0,0,0
28,wage,15000.0,2700.0,regular,72000.0,18,12.0,17,9,1,1,1,1,0
57,wage,12000.0,600.0,regular,50000.0,24,12.0,10,3,0,0,0,0,0
26,wage,32600.0,5200.0,emergency,151000.0,12,10.0,19,3,1,1,1,2,0
40,wage,23900.0,7200.0,regular,19000.0,24,12.0,16,4,0,1,1,0,0
41,self,36900.0,2200.0,regular,102000.0,6,12.0,22,10,1,1,0,0,0
53,wage,21600.0,400.0,emergency,23000.0,6,10.0,15,6,0,0,1,2,0
22,other,11700.0,2200.0,salary,30000.0,12,14.0,9,3,0,1,0,1,0
21,informal,34000.0,600.0,salary,97000.0,12,14.0,2,1,0,0,0,0,0
48,wage,18600.0,4600.0,regular,18000.0,12,12.0,24,5,1,1,1,0,0
37,wage,25700.0,4500.0,emergency,43000.0,6,10.0,19,3,1,0,1,1,0
24,wage,16400.0,2900.0,salary,58000.0,18,14.0,2,1,0,1,0,1,0
55,informal,46100.0,7600.0,regular,78000.0,6,12.0,15,4,0,0,1,1,0
44,self,14800.0,100.0,regular,46000.0,24,12.0,20,7,1,1,0,0,0
48,informal,18900.0,3300.0,regular,48000.0,24,12.0,17,3,0,0,0,0,0
37,wage,23100.0,1200.0,emergency,15000.0,12,10.0,6,4,1,0,0,0,0
30,self,13500.0,2700.0,regular,16000.0,6,12.0,3,2,0,1,1,0,0
35,wage,25500.0,4900.0,salary,13000.0,12,14.0,23,4,0,0,0,0,0
61,self,45400.0,6200.0,plan-backed,500000.0,60,8.0,9,2,1,1,0,0,0
55,wage,17600.0,2300.0,regular,120000.0,18,12.0,21,9,0,0,1,0,1
59,self,26300.0,6800.0,emergency,48000.0,12,10.0,11,5,0,1,0,0,0
42,informal,6400.0,2700.0,regular,6000.0,6,12.0,19,2,0,0,0,0,0
60,wage,21600.0,6100.0,regular,118000.0,24,12.0,6,3,0,1,0,0,0
29,self,19100.0,4500.0,salary,25000.0,12,14.0,15,5,0,1,0,0,1
50,wage,15200.0,500.0,regular,231000.0,36,12.0,14,3,0,0,0,0,0
38,self,35800.0,4700.0,plan-backed,132000.0,18,8.0,5,0,0,1,0,0,1
29,wage,19000.0,5700.0,emergency,27000.0,6,10.0,17,4,0,0,0,0,0
38,other,20300.0,1400.0,regular,67000.0,18,12.0,11,3,0,0,0,0,0
51,wage,18600.0,2300.0,regular,57000.0,18,12.0,16,2,0,1,1,0,0
44,other,9300.0,3800.0,regular,34000.0,18,12.0,0,0,0,1,0,0,0
61,informal,13200.0,2200.0,salary,39000.0,24,14.0,3,2,0,1,0,0,0
50,self,33900.0,16600.0,salary,98000.0,12,14.0,17,9,2,0,0,0,1
45,informal,8500.0,4700.0,regular,54000.0,12,12.0,24,7,2,0,0,0,1
34,informal,15600.0,5000.0,emergency,46000.0,12,10.0,2,3,0,0,1,1,1
57,other,18400.0,1100.0,salary,42000.0,6,14.0,0,0,0,1,0,2,1
35,wage,48200.0,21100.0,salary,84000.0,24,14.0,6,0,0,1,0,1,0
27,self,31100.0,1300.0,regular,110000.0,12,12.0,1,1,0,0,0,0,0
56,wage,17100.0,4100.0,regular,56000.0,12,12.0,6,1,0,0,1,0,0
53,self,39600.0,6100.0,regular,108000.0,6,12.0,17,3,0,1,1,0,0
29,wage,15800.0,2400.0,regular,46000.0,12,12.0,19,7,0,1,0,2,0
65,self,34600.0,8800.0,emergency,56000.0,12,10.0,15,5,1,1,0,2,0
50,self,11900.0,700.0,regular,51000.0,24,12.0,10,5,0,0,1,0,0
45,wage,35700.0,12400.0,regular,355000.0,36,12.0,3,0,0,1,1,0,0
65,wage,18300.0,1700.0,regular,116000.0,24,12.0,13,3,0,1,1,0,0
54,informal,13800.0,2800.0,regular,69000.0,12,12.0,24,9,1,0,0,0,1
56,informal,20000.0,700.0,plan-backed,78000.0,48,8.0,5,1,0,1,0,0,1
46,wage,24900.0,2500.0,emergency,20000.0,6,10.0,13,5,0,1,1,0,0
33,self,17600.0,1000.0,regular,13000.0,12,12.0,8,4,0,0,0,1,0
24,other,28200.0,2500.0,emergency,34000.0,6,10.0,8,1,0,0,0,0,0
22,wage,16900.0,2300.0,regular,18000.0,18,12.0,12,3,0,0,1,0,0
31,wage,29100.0,2800.0,salary,28000.0,6,14.0,4,0,0,0,1,0,0
34,wage,26800.0,5000.0,emergency,76000.0,12,10.0,4,1,0,0,1,1,0
35,self,21400.0,300.0,emergency,19000.0,6,10.0,1,2,0,1,0,0,0
21,wage,18000.0,3900.0,plan-backed,17000.0,18,8.0,17,5,0,1,0,3,0
34,informal,23600.0,1900.0,salary,67000.0,18,14.0,22,8,1,1,1,0,0
47,self,28200.0,10200.0,salary,80000.0,12,14.0,11,0,0,0,1,1,0
44,wage,55600.0,6500.0,regular,121000.0,18,12.0,15,5,2,0,0,0,0
41,informal,33600.0,7500.0,regular,189000.0,36,12.0,24,7,0,0,0,0,0
61,informal,34100.0,1800.0,salary,47000.0,12,14.0,18,4,0,1,0,1,0
48,wage,88300.0,24400.0,emergency,205000.0,6,10.0,6,5,2,1,0,1,0
46,wage,27700.0,2900.0,salary,116000.0,18,14.0,19,7,0,1,0,0,0
56,wage,27400.0,4500.0,salary,253000.0,18,14.0,9,2,0,1,1,0,0
61,wage,30200.0,6700.0,regular,135000.0,12,12.0,23,7,0,1,1,0,0
31,wage,14000.0,5800.0,regular,54000.0,36,12.0,23,5,1,1,0,0,0
60,other,18000.0,1900.0,emergency,13000.0,6,10.0,1,1,0,0,1,0,1
37,wage,17500.0,1300.0,regular,63000.0,6,12.0,22,7,1,1,0,0,0
61,wage,29400.0,5100.0,salary,40000.0,6,14.0,6,1,0,0,0,0,1
41,self,20300.0,1700.0,salary,90000.0,18,14.0,12,5,1,1,0,0,0
52,self,23400.0,8300.0,emergency,60000.0,6,10.0,18,7,2,0,1,0,0
55,other,35900.0,1000.0,salary,191000.0,12,14.0,3,0,0,0,1,1,0
38,informal,32400.0,6700.0,emergency,71000.0,12,10.0,0,0,0,1,0,1,1
41,wage,20500.0,4200.0,salary,67000.0,24,14.0,10,8,0,1,0,0,0
36,wage,16300.0,3700.0,regular,93000.0,18,12.0,14,3,0,0,0,1,1
30,other,36700.0,6000.0,salary,40000.0,24,14.0,14,2,0,0,1,0,0
65,self,31200.0,2400.0,salary,82000.0,12,14.0,23,15,0,0,1,0,0
61,other,10700.0,1100.0,regular,70000.0,36,12.0,6,2,0,1,0,0,0
24,wage,19100.0,800.0,emergency,43000.0,6,10.0,17,9,0,0,1,0,0
23,informal,23700.0,4100.0,salary,29000.0,6,14.0,4,1,0,0,0,0,0
57,self,31200.0,3000.0,regular,179000.0,24,12.0,11,3,1,1,1,1,0
49,wage,33100.0,6100.0,salary,169000.0,24,14.0,13,7,2,0,1,0,1
53,self,25000.0,2800.0,plan-backed,150000.0,60,8.0,10,4,0,1,0,0,0
34,self,28600.0,3100.0,salary,91000.0,24,14.0,4,0,0,1,0,0,0
47,wage,22600.0,6300.0,regular,39000.0,6,12.0,4,3,0,1,1,0,0
42,wage,16200.0,600.0,emergency,101000.0,12,10.0,21,8,0,1,1,0,0
22,informal,19600.0,4500.0,plan-backed,125000.0,36,8.0,23,6,0,0,0,0,1
64,wage,22200.0,7600.0,emergency,42000.0,12,10.0,1,0,0,1,1,0,1
64,wage,21700.0,1100.0,regular,39000.0,6,12.0,5,3,0,1,0,1,0
47,wage,9400.0,1000.0,regular,8000.0,6,12.0,24,10,1,1,0,1,0
26,wage,18400.0,2900.0,salary,82000.0,18,14.0,2,1,0,1,1,0,0
51,informal,22600.0,14900.0,regular,157000.0,36,12.0,13,3,0,1,1,0,0
31,informal,19400.0,300.0,regular,44000.0,6,12.0,7,1,0,0,1,1,0
50,wage,19700.0,300.0,regular,17000.0,6,12.0,24,4,1,0,0,0,0
29,other,27400.0,11700.0,salary,63000.0,12,14.0,18,3,0,0,0,0,0
53,informal,13500.0,2600.0,emergency,39000.0,6,10.0,18,5,1,0,0,0,1
41,wage,10600.0,600.0,salary,106000.0,24,14.0,1,0,0,0,0,0,0
40,informal,18800.0,2000.0,salary,44000.0,24,14.0,3,1,0,1,1,0,0
65,wage,31000.0,10100.0,plan-backed,200000.0,24,8.0,19,7,1,1,1,0,0
21,other,47000.0,2100.0,salary,500000.0,24,14.0,5,4,0,1,1,0,0
61,self,31300.0,4900.0,regular,174000.0,12,12.0,10,4,0,1,0,0,0
61,self,11400.0,1000.0,salary,72000.0,24,14.0,2,1,0,1,1,0,0
63,wage,19800.0,1100.0,regular,74000.0,18,12.0,0,0,0,1,0,0,0
46,informal,24700.0,1900.0,plan-backed,137000.0,24,8.0,18,11,1,1,0,1,0
21,wage,23800.0,5800.0,regular,5000.0,6,12.0,4,1,0,1,1,0,0
62,wage,28000.0,3600.0,salary,18000.0,6,14.0,4,1,0,1,0,0,0
51,wage,14600.0,4200.0,salary,33000.0,6,14.0,21,7,0,0,0,1,0
54,informal,22700.0,7400.0,regular,61000.0,18,12.0,17,2,0,0,0,1,0
32,wage,26600.0,6200.0,salary,30000.0,6,14.0,5,1,0,0,0,0,0
54,informal,31900.0,6600.0,regular,27000.0,6,12.0,21,4,0,0,0,1,0
28,self,15300.0,3300.0,regular,28000.0,24,12.0,24,9,3,0,1,1,0
50,wage,18800.0,1700.0,emergency,21000.0,12,10.0,10,7,0,0,0,1,0
52,wage,6500.0,3200.0,regular,10000.0,6,12.0,11,4,0,1,0,0,0
64,wage,16600.0,3600.0,emergency,56000.0,12,10.0,16,4,1,0,0,0,0
60,self,17400.0,3500.0,plan-backed,67000.0,60,8.0,3,0,0,1,0,0,1
56,informal,13900.0,1700.0,regular,37000.0,18,12.0,22,3,1,0,0,0,0
53,wage,23700.0,10600.0,emergency,24000.0,6,10.0,3,2,0,1,0,0,0
40,informal,21500.0,2900.0,salary,17000.0,6,14.0,18,5,0,1,0,0,0
48,wage,8000.0,2600.0,salary,33000.0,24,14.0,14,5,0,0,0,0,0
33,informal,24200.0,6600.0,regular,146000.0,18,12.0,3,0,0,1,0,0,1
55,informal,14500.0,3700.0,plan-backed,25000.0,6,8.0,11,7,2,1,1,0,1
38,informal,27400.0,2700.0,regular,149000.0,36,12.0,7,4,1,1,1,0,0
59,self,12400.0,300.0,emergency,35000.0,12,10.0,23,5,1,1,1,0,0
29,informal,22300.0,7400.0,emergency,109000.0,12,10.0,13,5,0,0,0,0,1
25,wage,19400.0,11500.0,salary,30000.0,6,14.0,9,3,0,0,1,0,0
31,wage,25200.0,2800.0,regular,45000.0,6,12.0,6,6,1,0,0,0,0
41,wage,23300.0,2400.0,regular,42000.0,12,12.0,3,1,0,1,1,0,0
28,wage,19600.0,4500.0,salary,10000.0,6,14.0,12,5,1,1,0,1,0
45,self,11000.0,2500.0,regular,5000.0,18,12.0,12,6,0,0,1,0,0
23,self,11300.0,4700.0,emergency,11000.0,6,10.0,23,6,1,1,0,0,1
56,informal,16900.0,1100.0,salary,82000.0,24,14.0,16,6,0,1,0,1,0
38,wage,21900.0,2500.0,salary,30000.0,6,14.0,11,6,1,1,0,0,0
57,self,16700.0,2300.0,regular,22000.0,24,12.0,9,4,0,1,1,0,0
55,wage,29100.0,600.0,regular,91000.0,36,12.0,6,0,0,0,0,1,0
61,wage,19400.0,600.0,plan-backed,37000.0,6,8.0,16,9,0,0,0,0,0
24,self,14300.0,1500.0,regular,64000.0,24,12.0,3,0,0,1,0,0,0
44,other,19400.0,7100.0,regular,96000.0,18,12.0,0,0,0,1,1,0,0
49,self,24400.0,3300.0,regular,91000.0,6,12.0,22,6,0,0,0,1,0
30,wage,25500.0,9000.0,regular,66000.0,12,12.0,0,0,0,1,0,0,0
65,self,51200.0,10600.0,plan-backed,342000.0,48,8.0,5,5,1,0,0,1,1
60,wage,16300.0,5700.0,regular,102000.0,36,12.0,13,2,0,1,1,0,0
41,informal,21300.0,0.0,regular,57000.0,12,12.0,4,0,0,1,0,0,0
64,self,26700.0,1300.0,emergency,46000.0,6,10.0,16,7,1,1,0,2,0
33,wage,21800.0,7000.0,regular,56000.0,12,12.0,13,4,0,0,0,1,0
64,wage,17600.0,3200.0,regular,265000.0,36,12.0,1,0,0,1,0,0,0
48,wage,11000.0,2800.0,plan-backed,48000.0,24,8.0,11,3,0,0,1,0,0
21,other,17500.0,3500.0,salary,124000.0,12,14.0,20,7,1,1,1,0,0
51,wage,13600.0,3400.0,regular,19000.0,6,12.0,9,2,0,1,1,0,0
57,informal,10100.0,2900.0,regular,24000.0,24,12.0,16,4,1,0,0,0,0
34,self,15400.0,3500.0,regular,28000.0,18,12.0,14,6,0,1,0,0,0
49,self,13700.0,900.0,regular,65000.0,18,12.0,11,4,0,1,0,0,0
38,wage,28600.0,1000.0,emergency,48000.0,12,10.0,14,6,3,1,0,1,0
65,other,28800.0,1100.0,emergency,127000.0,12,10.0,12,4,0,0,0,0,1
63,wage,14600.0,4600.0,salary,32000.0,24,14.0,1,1,0,1,0,1,1
46,self,19600.0,6700.0,salary,21000.0,18,14.0,10,3,0,0,0,0,1
44,self,9500.0,3300.0,regular,9000.0,12,12.0,10,3,0,0,1,1,0
24,self,17600.0,1500.0,plan-backed,335000.0,60,8.0,19,9,0,0,1,0,1
65,other,26300.0,8200.0,emergency,24000.0,12,10.0,18,5,0,0,1,0,0
50,wage,31900.0,19000.0,regular,236000.0,24,12.0,14,5,1,0,0,0,1
43,wage,16000.0,7000.0,salary,29000.0,6,14.0,9,2,0,1,0,1,1
36,wage,35300.0,2800.0,regular,306000.0,24,12.0,15,4,0,0,0,0,0
28,wage,11100.0,1200.0,emergency,54000.0,12,10.0,24,8,1,1,1,0,0
31,wage,12500.0,1300.0,salary,12000.0,6,14.0,20,8,0,0,0,0,0
56,wage,30300.0,1500.0,regular,99000.0,12,12.0,5,3,1,1,0,0,0
33,wage,46700.0,7500.0,salary,298000.0,24,14.0,7,3,0,1,0,0,0
59,wage,27500.0,3400.0,regular,194000.0,18,12.0,12,3,1,0,1,0,1
65,wage,21600.0,2100.0,salary,19000.0,24,14.0,16,6,0,0,0,0,0
22,self,8200.0,5900.0,regular,5000.0,6,12.0,16,6,1,0,1,0,0
57,self,8900.0,1600.0,regular,15000.0,12,12.0,19,8,3,1,0,1,0
31,wage,23300.0,12500.0,regular,140000.0,36,12.0,13,3,0,0,1,0,0
43,wage,18700.0,2300.0,salary,105000.0,12,14.0,20,4,0,1,0,1,0
41,wage,13400.0,2800.0,regular,118000.0,36,12.0,0,0,0,0,0,0,1
36,self,22700.0,6100.0,salary,88000.0,24,14.0,5,0,0,1,1,1,0
62,wage,23200.0,3700.0,regular,75000.0,12,12.0,12,2,0,1,0,0,0
30,wage,33700.0,3000.0,emergency,122000.0,12,10.0,13,8,1,0,0,0,0
60,wage,23400.0,1700.0,regular,120000.0,24,12.0,24,5,0,0,0,1,0
60,wage,38200.0,2700.0,regular,83000.0,6,12.0,16,5,0,0,0,1,0
50,wage,22100.0,10500.0,plan-backed,22000.0,6,8.0,10,2,0,0,0,0,0
53,self,20900.0,1900.0,regular,48000.0,6,12.0,14,4,1,0,1,0,1
55,self,35500.0,17100.0,salary,38000.0,18,14.0,2,2,0,0,0,0,1
51,self,14200.0,3900.0,emergency,14000.0,6,10.0,9,5,2,0,1,0,0
27,self,78100.0,19600.0,emergency,262000.0,6,10.0,0,0,0,1,1,0,0
37,self,26000.0,2200.0,emergency,63000.0,6,10.0,3,0,0,1,0,0,0
46,wage,26100.0,2900.0,salary,62000.0,6,14.0,10,0,0,0,1,1,0
42,informal,27900.0,3500.0,salary,100000.0,12,14.0,0,0,0,0,0,0,0
56,wage,51200.0,14100.0,emergency,220000.0,12,10.0,4,0,0,1,0,1,1
63,wage,31400.0,8900.0,emergency,159000.0,12,10.0,22,4,1,1,1,0,0
31,self,10700.0,4800.0,emergency,15000.0,6,10.0,20,5,0,1,1,1,0
57,wage,41400.0,3600.0,regular,129000.0,24,12.0,14,3,1,0,0,0,0
26,wage,18900.0,4000.0,emergency,31000.0,12,10.0,23,7,0,0,0,1,0
64,self,23100.0,8700.0,regular,135000.0,18,12.0,0,0,0,0,0,0,0
47,informal,12400.0,600.0,salary,14000.0,18,14.0,23,6,1,0,0,0,0
64,informal,27900.0,1600.0,plan-backed,413000.0,60,8.0,12,5,1,0,0,0,0
62,wage,16400.0,1400.0,plan-backed,45000.0,6,8.0,9,2,0,1,0,0,0
21,wage,23000.0,3600.0,salary,51000.0,18,14.0,19,12,0,1,0,1,0
64,informal,19400.0,4000.0,emergency,17000.0,6,10.0,11,6,0,0,0,0,0
65,wage,52300.0,3100.0,salary,325000.0,24,14.0,15,5,1,0,1,2,0
40,informal,53700.0,18300.0,regular,101000.0,24,12.0,7,3,0,1,1,0,0
41,wage,22500.0,1900.0,emergency,35000.0,6,10.0,13,1,0,0,1,0,0
42,wage,22600.0,6700.0,regular,146000.0,24,12.0,3,1,0,0,1,0,1
45,wage,18600.0,1500.0,regular,66000.0,18,12.0,5,0,0,1,1,0,0
49,informal,36200.0,8300.0,plan-backed,75000.0,6,8.0,13,8,0,1,1,1,0
24,wage,19000.0,6700.0,salary,161000.0,24,14.0,23,7,0,1,0,0,0
22,wage,18200.0,6500.0,emergency,13000.0,6,10.0,4,2,0,1,0,0,0
23,wage,34200.0,12900.0,regular,72000.0,6,12.0,14,8,1,1,0,0,0
45,wage,17300.0,1000.0,salary,51000.0,18,14.0,1,2,0,1,0,0,0
46,wage,21600.0,1100.0,regular,69000.0,12,12.0,12,3,0,0,0,1,0
49,self,10800.0,2100.0,salary,20000.0,18,14.0,21,5,1,0,0,1,0
32,wage,30200.0,3400.0,plan-backed,96000.0,12,8.0,8,2,0,0,0,1,0
26,informal,52700.0,10500.0,regular,258000.0,36,12.0,19,8,0,0,1,0,1
33,informal,30400.0,2600.0,regular,134000.0,18,12.0,9,5,1,0,0,0,0
58,wage,42500.0,3500.0,regular,142000.0,18,12.0,23,7,0,1,0,0,0
41,wage,15000.0,1500.0,regular,112000.0,36,12.0,15,4,0,1,0,1,0
45,self,24500.0,4100.0,regular,157000.0,18,12.0,8,3,1,1,1,0,0
25,wage,14400.0,3500.0,regular,35000.0,6,12.0,6,1,0,0,0,0,1
60,wage,19900.0,1000.0,regular,114000.0,18,12.0,21,10,3,1,0,0,0
28,other,31100.0,7400.0,regular,148000.0,24,12.0,12,5,0,0,0,0,0
45,other,23000.0,5700.0,regular,57000.0,12,12.0,9,4,0,0,1,0,0
65,informal,11700.0,2700.0,salary,5000.0,6,14.0,14,1,0,1,0,0,0
34,wage,12200.0,1500.0,regular,14000.0,6,12.0,1,0,0,1,0,0,0
42,self,11800.0,3200.0,salary,91000.0,24,14.0,4,1,0,0,1,1,0
37,self,27400.0,12000.0,regular,75000.0,6,12.0,11,5,0,0,1,0,0
34,wage,55700.0,10600.0,regular,339000.0,18,12.0,7,1,0,1,0,0,0
63,self,40600.0,3000.0,regular,81000.0,36,12.0,13,8,1,0,0,0,0
53,wage,9400.0,1500.0,salary,10000.0,12,14.0,8,5,1,1,1,0,0
41,wage,41700.0,16600.0,regular,82000.0,12,12.0,10,6,1,1,0,0,0
48,wage,33500.0,15300.0,emergency,222000.0,12,10.0,19,3,0,0,0,0,0
43,wage,11000.0,3400.0,regular,15000.0,24,12.0,19,5,1,1,0,2,0
63,wage,19200.0,5200.0,plan-backed,38000.0,6,8.0,7,3,1,1,1,0,1
55,informal,36000.0,10200.0,regular,129000.0,18,12.0,8,3,0,0,0,0,0
35,other,28200.0,8300.0,regular,42000.0,6,12.0,15,6,0,1,0,0,0
57,self,12200.0,4200.0,salary,40000.0,12,14.0,23,12,2,1,1,0,0
39,informal,29000.0,1800.0,regular,31000.0,12,12.0,13,2,0,0,1,0,0
62,other,8400.0,1600.0,regular,33000.0,36,12.0,1,0,0,0,1,1,1
21,wage,19900.0,1000.0,salary,112000.0,24,14.0,14,3,1,0,1,0,0
52,wage,36700.0,11400.0,regular,171000.0,24,12.0,18,7,1,1,0,0,1
49,wage,22200.0,3700.0,regular,164000.0,24,12.0,23,11,0,0,1,0,0
34,wage,17600.0,2500.0,regular,20000.0,6,12.0,23,5,0,1,0,0,0
48,informal,32800.0,14000.0,regular,108000.0,6,12.0,17,4,1,1,0,0,1
27,wage,34100.0,7300.0,plan-backed,293000.0,48,8.0,13,5,0,0,1,1,1
28,wage,39700.0,5300.0,emergency,86000.0,6,10.0,4,0,0,0,0,0,0
41,wage,32600.0,5400.0,emergency,45000.0,12,10.0,21,9,0,1,1,0,0
59,wage,35800.0,500.0,regular,113000.0,24,12.0,11,4,0,1,0,0,0
25,informal,30600.0,12900.0,salary,117000.0,12,14.0,17,5,0,1,1,0,0
32,wage,24800.0,12700.0,salary,84000.0,18,14.0,18,2,0,1,0,1,0
62,wage,22900.0,10600.0,regular,122000.0,24,12.0,0,0,0,1,0,0,0
40,wage,19800.0,1100.0,salary,82000.0,6,14.0,9,4,0,0,0,0,0
65,wage,12700.0,3500.0,emergency,42000.0,12,10.0,16,5,0,1,1,1,0
30,self,14300.0,4700.0,salary,18000.0,6,14.0,11,3,1,1,0,0,0
44,wage,19400.0,6300.0,regular,86000.0,12,12.0,16,7,2,0,0,0,0
37,wage,24500.0,2300.0,regular,153000.0,24,12.0,14,5,0,1,0,1,0
22,wage,42100.0,7600.0,salary,285000.0,24,14.0,0,0,0,1,0,0,0
61,informal,21600.0,2900.0,salary,25000.0,6,14.0,7,1,0,1,0,0,0
34,self,34600.0,8900.0,regular,124000.0,24,12.0,10,2,0,0,0,0,0
24,self,35800.0,9900.0,regular,49000.0,18,12.0,9,1,0,0,0,0,0
38,self,19800.0,2000.0,salary,47000.0,18,14.0,0,0,0,1,0,0,1
44,informal,28800.0,1800.0,regular,161000.0,24,12.0,0,0,0,1,0,0,1
38,wage,19700.0,5000.0,regular,45000.0,6,12.0,7,2,0,0,0,0,1
35,wage,39900.0,500.0,emergency,212000.0,12,10.0,21,13,1,0,0,0,0
52,wage,29300.0,10500.0,regular,7000.0,12,12.0,24,2,0,0,0,0,0
52,wage,12900.0,4300.0,regular,5000.0,6,12.0,20,5,1,1,0,1,0
65,informal,23700.0,9200.0,regular,22000.0,18,12.0,23,1,0,1,0,2,0
26,wage,46200.0,8400.0,plan-backed,110000.0,6,8.0,23,10,2,0,1,0,0
22,informal,20300.0,3300.0,regular,133000.0,24,12.0,17,6,0,0,0,0,1
59,informal,26900.0,4500.0,salary,97000.0,18,14.0,3,0,0,0,0,2,1
64,wage,28100.0,5400.0,plan-backed,105000.0,24,8.0,9,1,0,1,0,0,0
50,informal,13800.0,1700.0,salary,22000.0,6,14.0,18,5,1,1,0,1,0
62,self,27700.0,4300.0,emergency,53000.0,12,10.0,9,1,0,1,0,2,0
48,informal,11700.0,4800.0,emergency,6000.0,6,10.0,6,1,0,0,1,0,0
59,wage,16600.0,8300.0,regular,103000.0,12,12.0,0,0,0,1,0,1,1
42,wage,35700.0,2100.0,emergency,51000.0,6,10.0,8,4,1,1,1,0,0
40,wage,25800.0,1500.0,plan-backed,95000.0,36,8.0,8,7,1,0,1,1,0
46,wage,19200.0,11400.0,salary,40000.0,12,14.0,20,10,0,0,0,0,0
38,wage,26900.0,2700.0,regular,269000.0,36,12.0,19,2,1,1,0,2,0
38,informal,21400.0,300.0,regular,199000.0,36,12.0,2,0,0,1,1,0,0
42,self,22100.0,6100.0,salary,58000.0,24,14.0,12,5,1,0,1,0,0
49,wage,29600.0,3600.0,regular,29000.0,6,12.0,22,8,4,1,1,0,0
50,wage,15900.0,700.0,salary,147000.0,24,14.0,11,4,0,0,1,0,0
21,wage,22400.0,4300.0,regular,71000.0,12,12.0,23,14,0,0,1,1,0
32,wage,19100.0,2400.0,salary,120000.0,24,14.0,2,1,0,1,1,0,0
32,informal,10800.0,2400.0,salary,32000.0,24,14.0,8,1,0,1,0,0,0
39,wage,14500.0,500.0,emergency,6000.0,6,10.0,22,6,0,0,0,0,0
49,wage,44600.0,20100.0,regular,53000.0,6,12.0,17,6,0,0,1,2,0
64,self,26200.0,6900.0,salary,106000.0,18,14.0,7,3,1,1,0,1,1
53,wage,12100.0,2000.0,regular,24000.0,6,12.0,22,4,0,1,0,0,0
24,wage,11000.0,2700.0,regular,66000.0,36,12.0,9,1,0,0,1,1,0
51,self,20900.0,4200.0,emergency,8000.0,12,10.0,19,7,2,1,1,1,0
30,self,44400.0,10100.0,regular,209000.0,18,12.0,8,1,0,0,1,0,0
53,other,20200.0,3500.0,salary,116000.0,24,14.0,8,2,0,1,0,0,0
22,self,39600.0,8700.0,regular,46000.0,12,12.0,8,2,0,1,0,0,0
36,wage,25800.0,6000.0,regular,112000.0,18,12.0,9,2,0,1,0,0,0
47,informal,27200.0,1000.0,salary,312000.0,24,14.0,14,8,1,0,0,0,1
30,informal,12100.0,2500.0,regular,33000.0,6,12.0,20,9,2,1,1,0,1
44,self,33500.0,8000.0,emergency,99000.0,6,10.0,15,7,2,0,1,0,0
40,other,18900.0,3900.0,salary,37000.0,6,14.0,0,0,0,0,0,0,0
23,informal,32400.0,4100.0,salary,83000.0,12,14.0,14,3,0,1,0,0,0
37,informal,15300.0,5100.0,emergency,58000.0,6,10.0,10,4,0,0,0,0,1
41,wage,23800.0,300.0,salary,64000.0,6,14.0,1,0,0,0,1,0,0
46,self,25800.0,3900.0,regular,177000.0,36,12.0,8,6,1,1,0,0,0
29,wage,20500.0,6300.0,regular,58000.0,18,12.0,24,10,1,0,0,0,0
57,self,26400.0,4800.0,plan-backed,35000.0,18,8.0,8,3,0,0,1,1,0
50,self,19500.0,500.0,salary,67000.0,12,14.0,17,9,3,1,0,0,0
55,other,16400.0,1900.0,emergency,43000.0,12,10.0,4,1,0,0,0,0,0
57,other,45300.0,6100.0,emergency,74000.0,6,10.0,22,10,0,0,0,0,0
55,wage,35300.0,8100.0,emergency,94000.0,6,10.0,20,5,0,0,0,0,1
25,self,15600.0,1400.0,regular,56000.0,36,12.0,3,1,0,0,0,0,0
38,self,28400.0,4100.0,salary,31000.0,6,14.0,17,12,1,0,0,0,0
54,wage,15700.0,2300.0,salary,7000.0,12,14.0,23,9,1,0,1,0,0
38,wage,12900.0,1900.0,emergency,44000.0,12,10.0,22,10,0,0,0,0,1
40,wage,35000.0,4800.0,regular,148000.0,18,12.0,18,7,0,1,1,0,0
39,informal,10200.0,4900.0,regular,89000.0,36,12.0,18,6,1,0,0,0,1
44,wage,33400.0,8000.0,regular,467000.0,36,12.0,12,7,0,0,0,1,0
22,other,19600.0,2600.0,salary,37000.0,12,14.0,3,1,0,0,1,0,0
41,wage,20000.0,2700.0,emergency,87000.0,12,10.0,0,0,0,0,1,0,0
49,other,26500.0,200.0,regular,43000.0,12,12.0,7,3,0,1,0,0,0
53,wage,28600.0,4000.0,emergency,55000.0,6,10.0,6,3,0,0,0,0,0
48,informal,15200.0,4400.0,plan-backed,35000.0,60,8.0,22,5,1,1,0,0,0
53,wage,30400.0,3900.0,regular,85000.0,6,12.0,20,8,0,0,1,0,0
23,self,23200.0,6600.0,emergency,92000.0,6,10.0,8,1,0,1,1,3,0
47,informal,12500.0,1700.0,emergency,27000.0,12,10.0,9,2,0,0,1,0,0
50,informal,20400.0,7100.0,regular,67000.0,18,12.0,18,9,0,1,0,0,0
31,informal,41000.0,5400.0,emergency,45000.0,12,10.0,16,5,1,1,0,1,0
38,wage,46800.0,20500.0,emergency,99000.0,6,10.0,22,10,2,0,0,0,0
38,wage,30400.0,6700.0,regular,148000.0,18,12.0,18,6,0,1,0,0,0
23,wage,12900.0,1800.0,regular,17000.0,6,12.0,17,5,0,1,0,0,0
57,wage,27400.0,3100.0,salary,64000.0,6,14.0,19,5,2,0,0,1,1
47,self,32300.0,9900.0,regular,62000.0,6,12.0,22,9,0,1,0,0,0
35,self,30500.0,12300.0,emergency,115000.0,12,10.0,9,1,0,1,1,0,0
64,informal,31300.0,3900.0,emergency,43000.0,6,10.0,6,2,0,0,0,0,0
62,informal,25900.0,6300.0,salary,229000.0,18,14.0,22,7,2,0,0,0,0
24,self,21300.0,5500.0,salary,18000.0,12,14.0,4,1,0,1,1,0,0
33,informal,16700.0,2200.0,salary,72000.0,18,14.0,7,5,0,1,0,1,0
63,wage,9400.0,5400.0,emergency,38000.0,12,10.0,3,0,0,1,1,0,0
45,wage,25600.0,4800.0,regular,294000.0,36,12.0,20,7,0,0,0,0,0
39,self,23900.0,6800.0,regular,28000.0,6,12.0,22,5,1,0,1,0,0
48,informal,28300.0,6200.0,regular,177000.0,24,12.0,10,1,0,1,1,1,0
56,wage,12100.0,5800.0,regular,51000.0,36,12.0,2,1,0,0,0,0,0
28,wage,29400.0,9800.0,regular,231000.0,24,12.0,5,4,0,0,0,1,1
31,self,55500.0,8300.0,regular,72000.0,6,12.0,14,3,1,0,1,0,1
43,wage,22800.0,5200.0,regular,129000.0,24,12.0,8,5,0,0,1,1,0
29,wage,21400.0,8900.0,regular,86000.0,24,12.0,18,6,0,1,0,1,0
32,informal,25300.0,10100.0,regular,115000.0,24,12.0,19,9,0,1,0,1,1
27,self,54900.0,7000.0,salary,234000.0,12,14.0,10,4,1,0,0,0,0
31,wage,13900.0,1400.0,emergency,85000.0,12,10.0,15,10,2,1,0,0,0
47,informal,24100.0,2600.0,salary,166000.0,18,14.0,1,0,0,1,0,0,0
42,wage,15400.0,800.0,emergency,23000.0,6,10.0,3,0,0,0,0,0,0
47,informal,17200.0,3100.0,salary,85000.0,24,14.0,8,4,1,0,1,0,1
34,wage,21500.0,8400.0,salary,35000.0,18,14.0,3,0,0,0,0,1,1
54,self,40300.0,13700.0,regular,41000.0,12,12.0,0,0,0,0,0,1,1
47,wage,49500.0,6500.0,plan-backed,290000.0,36,8.0,17,10,1,1,1,0,0
22,wage,26900.0,2400.0,regular,219000.0,24,12.0,0,0,0,0,1,0,1
52,informal,18600.0,2700.0,emergency,15000.0,6,10.0,5,5,0,1,0,1,0
50,wage,67500.0,13900.0,salary,216000.0,18,14.0,18,4,1,1,1,1,0
53,wage,18100.0,4200.0,regular,32000.0,6,12.0,5,1,0,0,0,0,0
47,wage,17000.0,3300.0,emergency,39000.0,6,10.0,5,2,0,1,1,0,0
30,self,9900.0,1500.0,regular,75000.0,24,12.0,18,4,1,1,1,0,0
56,informal,41200.0,7400.0,regular,190000.0,36,12.0,0,0,0,0,0,0,0
36,other,34000.0,18200.0,regular,189000.0,24,12.0,8,1,0,1,0,0,0
31,wage,65300.0,36500.0,regular,225000.0,24,12.0,13,9,0,1,0,0,0
64,wage,11800.0,1700.0,regular,28000.0,12,12.0,1,0,0,0,1,0,1
47,wage,42400.0,4800.0,emergency,84000.0,12,10.0,16,6,0,1,0,0,0
62,self,22700.0,2800.0,emergency,37000.0,6,10.0,10,1,0,0,0,0,0
37,other,31600.0,13600.0,emergency,56000.0,6,10.0,7,1,0,1,0,0,1
62,self,10500.0,2900.0,salary,19000.0,6,14.0,14,7,0,0,0,1,0
64,self,42600.0,2000.0,regular,126000.0,24,12.0,0,0,0,1,1,0,0
48,wage,31300.0,8900.0,regular,204000.0,36,12.0,15,7,0,1,0,0,0
34,informal,21600.0,8600.0,salary,44000.0,12,14.0,11,4,0,1,0,0,0
46,wage,29400.0,9600.0,plan-backed,152000.0,60,8.0,1,0,0,1,0,1,0
47,wage,15600.0,1100.0,regular,44000.0,24,12.0,19,10,2,0,0,1,0
44,wage,17000.0,3800.0,regular,80000.0,18,12.0,11,1,0,1,1,0,0
35,wage,17900.0,2100.0,salary,161000.0,24,14.0,1,0,0,1,0,0,0
53,wage,9600.0,1200.0,salary,12000.0,12,14.0,8,5,0,1,0,1,0
53,wage,32400.0,3400.0,regular,99000.0,18,12.0,18,7,0,1,0,0,0
23,wage,37600.0,700.0,regular,340000.0,24,12.0,11,4,0,1,0,1,0
49,self,16000.0,2900.0,regular,32000.0,24,12.0,9,1,0,0,0,0,0
28,wage,25700.0,3900.0,emergency,45000.0,12,10.0,1,0,0,0,1,0,0
64,wage,19500.0,3700.0,plan-backed,118000.0,24,8.0,1,1,0,1,1,0,0
33,other,25500.0,6800.0,salary,137000.0,24,14.0,7,2,0,1,1,0,0
48,informal,16600.0,5900.0,regular,59000.0,6,12.0,6,4,1,1,1,0,0
49,wage,14800.0,300.0,emergency,19000.0,6,10.0,16,4,1,1,0,0,0
56,wage,35300.0,1900.0,salary,93000.0,12,14.0,11,2,0,1,0,1,0
32,informal,21400.0,1800.0,emergency,32000.0,6,10.0,3,1,0,1,1,0,0
57,wage,54700.0,21700.0,salary,158000.0,12,14.0,16,6,2,1,1,0,1
27,wage,22500.0,7100.0,regular,16000.0,18,12.0,23,6,1,0,0,0,1
21,informal,14500.0,2600.0,regular,60000.0,18,12.0,21,8,1,1,0,0,0
25,wage,38200.0,6800.0,emergency,52000.0,6,10.0,24,6,1,1,1,0,0
23,self,29200.0,500.0,emergency,81000.0,6,10.0,12,2,1,0,0,0,0
61,self,30500.0,8700.0,plan-backed,145000.0,36,8.0,9,2,0,1,0,0,0
24,self,37600.0,6300.0,emergency,75000.0,12,10.0,1,0,0,0,0,0,1
51,wage,16400.0,900.0,regular,151000.0,24,12.0,17,5,0,1,0,0,0
44,wage,20800.0,2400.0,regular,27000.0,18,12.0,11,2,0,1,1,1,0
39,wage,20400.0,900.0,emergency,28000.0,6,10.0,15,8,1,0,0,0,0
28,wage,12300.0,3300.0,regular,15000.0,12,12.0,7,1,0,1,1,0,0
25,informal,19500.0,2500.0,salary,71000.0,12,14.0,4,0,0,0,1,0,0
43,wage,40100.0,8800.0,regular,50000.0,12,12.0,17,4,0,0,1,1,0
49,self,24500.0,8500.0,regular,121000.0,24,12.0,9,5,0,1,1,0,0
49,informal,12000.0,800.0,emergency,5000.0,6,10.0,13,5,0,1,1,1,0
48,informal,10900.0,200.0,regular,22000.0,36,12.0,24,7,0,1,0,2,0
39,wage,46500.0,1200.0,salary,239000.0,12,14.0,7,1,1,1,1,0,0
21,wage,21100.0,4000.0,emergency,17000.0,6,10.0,3,3,0,1,0,0,0
57,other,16400.0,6200.0,emergency,51000.0,12,10.0,17,3,0,0,0,0,0
35,self,19400.0,4700.0,salary,29000.0,6,14.0,14,5,0,1,1,0,0
50,informal,11300.0,1200.0,salary,69000.0,24,14.0,9,3,0,1,0,0,0
55,informal,41700.0,6000.0,salary,132000.0,18,14.0,14,2,0,1,1,1,0
65,informal,18400.0,500.0,regular,78000.0,24,12.0,23,6,1,1,0,0,0
59,wage,40700.0,3900.0,regular,293000.0,18,12.0,4,4,0,1,1,0,0
60,self,22500.0,9700.0,salary,213000.0,24,14.0,19,6,1,0,0,0,1
32,wage,41900.0,6400.0,emergency,123000.0,12,10.0,13,3,0,1,1,1,0
49,self,24700.0,5600.0,emergency,22000.0,6,10.0,20,9,1,1,1,0,0
41,other,32300.0,16700.0,emergency,103000.0,12,10.0,22,8,3,1,0,0,0
43,wage,30400.0,2200.0,salary,56000.0,24,14.0,3,0,0,0,0,1,0
55,wage,29100.0,6900.0,regular,92000.0,12,12.0,2,0,0,0,0,0,0
63,wage,25700.0,3800.0,emergency,142000.0,12,10.0,0,0,0,0,1,0,0
47,other,19800.0,2000.0,regular,79000.0,24,12.0,4,0,0,0,0,1,0
26,wage,52100.0,4300.0,regular,342000.0,12,12.0,8,1,0,0,0,0,0
36,wage,14600.0,3900.0,salary,59000.0,18,14.0,6,1,0,0,0,0,1
30,wage,22000.0,400.0,emergency,88000.0,12,10.0,20,6,0,1,1,0,1
64,wage,22100.0,800.0,regular,48000.0,6,12.0,18,6,0,0,0,0,0
64,wage,26400.0,1500.0,salary,37000.0,6,14.0,8,3,0,0,0,0,0
43,wage,18100.0,4700.0,salary,24000.0,18,14.0,14,2,0,1,0,0,0
29,wage,25300.0,2800.0,emergency,31000.0,6,10.0,7,4,0,0,1,0,0
49,wage,20400.0,1600.0,plan-backed,261000.0,60,8.0,12,12,1,0,1,1,0
63,wage,10800.0,3600.0,regular,83000.0,18,12.0,7,2,0,1,0,0,0
43,wage,22100.0,700.0,salary,62000.0,18,14.0,19,5,1,1,0,1,1
31,wage,13400.0,5800.0,regular,42000.0,12,12.0,5,0,0,0,0,1,1
26,self,10100.0,1800.0,regular,48000.0,12,12.0,24,15,2,1,0,1,0
48,wage,23400.0,2800.0,regular,85000.0,18,12.0,23,8,0,1,1,0,0
45,wage,27400.0,700.0,regular,296000.0,24,12.0,4,3,0,1,0,0,0
36,wage,27900.0,4300.0,emergency,30000.0,6,10.0,14,3,0,0,1,0,0
33,wage,28400.0,1400.0,regular,24000.0,12,12.0,20,5,0,0,0,1,0
55,wage,9200.0,3000.0,emergency,14000.0,6,10.0,21,8,1,1,0,0,0
22,wage,11900.0,2700.0,regular,27000.0,18,12.0,9,1,0,0,0,1,0
53,informal,53500.0,23200.0,regular,130000.0,24,12.0,13,3,1,1,1,0,0
28,wage,13700.0,900.0,plan-backed,76000.0,24,8.0,3,1,0,0,1,0,0
65,wage,29000.0,1300.0,salary,70000.0,12,14.0,6,1,0,0,0,1,0
62,wage,16200.0,700.0,plan-backed,98000.0,12,8.0,6,2,1,0,0,0,1
24,wage,22800.0,14200.0,emergency,14000.0,6,10.0,7,1,0,0,0,1,0
57,wage,16500.0,3100.0,regular,22000.0,12,12.0,9,3,0,0,0,0,0
47,informal,28300.0,5700.0,emergency,71000.0,6,10.0,17,5,0,1,0,0,0
21,informal,23400.0,3400.0,emergency,24000.0,12,10.0,22,7,0,1,0,0,0
35,wage,18000.0,6300.0,regular,60000.0,12,12.0,14,8,1,1,0,1,0
48,wage,13700.0,1000.0,salary,14000.0,12,14.0,11,2,0,1,0,0,0
27,wage,24800.0,4100.0,emergency,109000.0,12,10.0,17,4,0,1,0,0,0
47,wage,12700.0,2500.0,salary,46000.0,24,14.0,15,5,1,1,0,0,0
35,self,26700.0,8400.0,emergency,29000.0,6,10.0,11,3,0,1,0,1,0
42,wage,71700.0,21400.0,emergency,155000.0,12,10.0,0,0,0,1,0,1,0
27,wage,40400.0,19500.0,regular,55000.0,6,12.0,13,4,1,0,0,0,1
27,other,30400.0,2300.0,plan-backed,52000.0,24,8.0,1,1,0,1,0,0,0
63,wage,21200.0,2700.0,regular,19000.0,6,12.0,15,2,0,0,0,0,0
63,wage,9200.0,3300.0,regular,5000.0,6,12.0,23,11,2,1,0,0,0
57,self,12100.0,2300.0,regular,20000.0,18,12.0,19,6,0,1,1,0,0
44,wage,39200.0,10000.0,emergency,44000.0,6,10.0,20,5,0,1,0,0,0
62,wage,15400.0,3500.0,plan-backed,18000.0,6,8.0,11,2,0,1,1,0,0
53,wage,16100.0,3200.0,salary,48000.0,6,14.0,12,4,0,1,1,0,0
45,informal,20400.0,4400.0,salary,35000.0,24,14.0,13,1,0,1,0,0,0
59,wage,13600.0,300.0,plan-backed,211000.0,36,8.0,5,1,0,1,0,0,0
59,wage,12700.0,3800.0,salary,36000.0,12,14.0,24,11,0,0,0,1,0
64,wage,21500.0,9200.0,regular,244000.0,36,12.0,1,0,0,1,0,0,1
65,wage,14700.0,2800.0,emergency,21000.0,6,10.0,24,6,1,1,0,0,0
25,self,15800.0,4300.0,regular,199000.0,36,12.0,24,13,3,0,0,0,1
65,wage,15500.0,200.0,regular,66000.0,12,12.0,23,6,0,1,0,1,0
38,self,27800.0,12300.0,regular,31000.0,6,12.0,0,0,0,0,1,0,0
50,self,19800.0,4700.0,regular,9000.0,6,12.0,23,7,2,1,1,0,0
44,informal,20300.0,1500.0,plan-backed,11000.0,12,8.0,5,1,0,0,1,0,0
35,wage,28800.0,1600.0,plan-backed,85000.0,12,8.0,6,1,0,1,0,0,0
47,informal,20600.0,2200.0,regular,21000.0,6,12.0,17,8,1,0,0,0,1
47,self,19400.0,5200.0,salary,68000.0,12,14.0,9,1,0,1,0,0,0
61,wage,27200.0,2700.0,regular,411000.0,36,12.0,23,5,1,0,0,0,0
65,informal,29700.0,4800.0,regular,110000.0,12,12.0,12,4,0,1,0,1,0
42,informal,20600.0,5000.0,regular,24000.0,12,12.0,2,0,0,1,0,0,1
23,wage,22800.0,4100.0,regular,90000.0,36,12.0,5,2,0,1,1,0,0
55,informal,15500.0,2000.0,regular,42000.0,12,12.0,19,6,1,0,0,0,0
60,wage,14900.0,8000.0,regular,179000.0,36,12.0,14,4,1,1,0,1,1
41,self,31100.0,10200.0,regular,154000.0,24,12.0,8,4,1,0,1,0,0
35,other,26900.0,12800.0,regular,305000.0,36,12.0,5,3,0,0,1,0,0
38,wage,27000.0,800.0,plan-backed,55000.0,24,8.0,16,5,1,1,0,0,0
39,informal,25000.0,800.0,regular,64000.0,18,12.0,6,1,0,0,0,0,0
32,wage,22500.0,6800.0,regular,114000.0,12,12.0,2,0,0,0,1,0,0
36,informal,30100.0,5000.0,emergency,60000.0,12,10.0,13,9,1,0,1,0,0
34,self,33500.0,16100.0,regular,185000.0,24,12.0,21,10,0,0,0,0,0
26,wage,33200.0,4500.0,emergency,167000.0,12,10.0,7,3,0,0,1,0,1
49,wage,21000.0,3200.0,regular,18000.0,6,12.0,17,4,1,0,0,0,0
38,wage,41100.0,7300.0,emergency,47000.0,6,10.0,11,4,1,1,0,0,0
23,wage,24400.0,4500.0,emergency,17000.0,6,10.0,23,7,1,0,1,0,0
49,wage,29200.0,9400.0,salary,139000.0,24,14.0,15,5,0,1,0,0,0
35,wage,25000.0,16600.0,emergency,24000.0,6,10.0,12,5,0,1,0,0,1
27,wage,24600.0,3100.0,regular,255000.0,36,12.0,5,1,0,1,1,0,0
51,wage,15800.0,2200.0,regular,49000.0,12,12.0,22,12,1,1,0,0,0
52,self,30200.0,500.0,regular,80000.0,12,12.0,1,0,0,1,1,0,0
25,self,79200.0,4900.0,emergency,179000.0,12,10.0,13,7,1,0,0,0,1
55,self,18600.0,600.0,regular,30000.0,24,12.0,6,2,0,0,0,0,0
45,wage,22700.0,5100.0,regular,133000.0,18,12.0,12,2,1,0,0,1,1
27,informal,18000.0,4700.0,salary,95000.0,24,14.0,24,6,0,1,1,0,0
41,self,17700.0,500.0,regular,69000.0,24,12.0,2,1,0,1,0,0,0
65,wage,44100.0,14400.0,regular,257000.0,24,12.0,1,1,0,0,0,0,1
23,wage,16300.0,3300.0,salary,24000.0,12,14.0,20,7,0,1,0,0,0
43,self,17800.0,10600.0,regular,137000.0,36,12.0,17,6,1,0,1,1,0
24,wage,10800.0,1300.0,salary,71000.0,18,14.0,10,2,1,0,1,0,1
30,wage,15600.0,3300.0,plan-backed,173000.0,60,8.0,5,3,0,1,1,0,0
48,other,10200.0,1600.0,plan-backed,88000.0,60,8.0,15,9,0,1,1,0,0
47,wage,29200.0,3000.0,regular,98000.0,18,12.0,6,4,0,0,0,0,0
44,wage,77500.0,59000.0,regular,390000.0,12,12.0,16,6,0,1,1,0,1
47,other,18700.0,4400.0,emergency,31000.0,12,10.0,10,1,0,1,0,0,1
53,self,10400.0,200.0,emergency,24000.0,12,10.0,19,6,1,1,1,1,0
42,wage,33000.0,3600.0,emergency,48000.0,6,10.0,16,5,0,0,1,0,0
49,informal,15900.0,5600.0,regular,18000.0,24,12.0,14,5,2,0,0,0,0
61,informal,39500.0,3600.0,regular,164000.0,24,12.0,2,1,0,1,0,1,0
43,wage,19400.0,5800.0,regular,170000.0,24,12.0,15,6,0,0,1,1,1
26,self,16600.0,600.0,regular,27000.0,36,12.0,17,5,1,0,0,0,0
40,wage,20300.0,1700.0,regular,32000.0,12,12.0,13,4,1,0,1,1,0
52,wage,30900.0,6200.0,plan-backed,216000.0,60,8.0,14,7,2,1,0,0,0
35,self,19900.0,6400.0,regular,50000.0,24,12.0,15,3,0,1,1,0,0
36,wage,17600.0,2900.0,emergency,13000.0,6,10.0,5,3,0,0,0,0,0
22,self,20100.0,4600.0,plan-backed,73000.0,24,8.0,11,2,1,1,0,0,0
62,informal,12400.0,800.0,regular,33000.0,6,12.0,3,1,0,0,0,1,0
24,wage,26300.0,5500.0,emergency,31000.0,12,10.0,19,8,1,0,0,0,0
59,self,9800.0,2000.0,salary,21000.0,24,14.0,3,3,0,1,1,0,0
47,wage,18000.0,2400.0,regular,75000.0,36,12.0,20,9,1,1,1,2,0
54,informal,31000.0,12200.0,emergency,192000.0,12,10.0,15,4,0,1,0,0,1
47,wage,25200.0,1600.0,salary,82000.0,12,14.0,12,2,0,0,0,0,0
25,self,28700.0,600.0,salary,87000.0,12,14.0,12,7,0,1,0,0,0
23,self,21400.0,5100.0,salary,182000.0,24,14.0,3,1,0,0,1,0,1
33,wage,37200.0,11400.0,plan-backed,70000.0,12,8.0,16,8,0,0,1,0,0
40,self,33400.0,4600.0,regular,187000.0,36,12.0,9,3,0,0,1,1,0
64,self,26900.0,5900.0,salary,13000.0,12,14.0,19,3,0,0,0,0,0
63,self,33400.0,16300.0,emergency,92000.0,12,10.0,20,2,0,0,1,0,0
28,informal,30800.0,3300.0,salary,105000.0,18,14.0,22,10,0,0,0,2,1
29,other,18100.0,600.0,salary,41000.0,6,14.0,22,11,0,0,0,1,0
63,wage,12000.0,3300.0,salary,8000.0,6,14.0,19,8,1,0,0,0,0
55,wage,26600.0,2500.0,salary,82000.0,6,14.0,6,1,0,1,0,0,0
37,wage,28100.0,6000.0,regular,322000.0,24,12.0,6,1,0,1,0,1,0
43,informal,35900.0,8700.0,salary,37000.0,6,14.0,23,5,0,1,0,0,0
22,wage,14400.0,4100.0,regular,19000.0,24,12.0,24,4,1,0,0,0,0
56,wage,14600.0,10000.0,emergency,18000.0,6,10.0,6,2,1,0,0,0,1
57,wage,27100.0,5800.0,salary,210000.0,24,14.0,16,7,1,1,0,0,0
33,informal,21300.0,700.0,salary,201000.0,24,14.0,22,7,1,1,0,0,0
24,wage,9400.0,5600.0,regular,63000.0,18,12.0,21,3,0,0,0,1,1
65,self,26000.0,12300.0,emergency,72000.0,6,10.0,23,10,2,0,0,2,1
42,wage,9600.0,2500.0,regular,16000.0,18,12.0,8,3,1,0,1,1,0
37,other,14400.0,3900.0,regular,23000.0,24,12.0,12,4,0,0,0,0,0
22,wage,40400.0,2600.0,regular,102000.0,24,12.0,14,9,0,0,1,0,0
49,wage,50000.0,14300.0,plan-backed,500000.0,36,8.0,23,5,1,0,1,0,0
64,informal,12700.0,800.0,regular,83000.0,18,12.0,24,12,0,0,0,0,0
51,informal,19000.0,3400.0,plan-backed,220000.0,36,8.0,13,2,1,1,0,0,0
64,wage,22400.0,2000.0,regular,61000.0,12,12.0,21,2,0,0,0,0,0
50,wage,49000.0,7000.0,salary,19000.0,6,14.0,9,6,1,0,0,0,0
52,self,17600.0,4400.0,emergency,30000.0,12,10.0,15,4,1,0,0,0,0
44,informal,17800.0,500.0,salary,102000.0,18,14.0,20,4,0,0,0,1,1
57,wage,44200.0,12600.0,emergency,65000.0,12,10.0,22,8,1,0,0,0,0
51,wage,18600.0,900.0,salary,53000.0,18,14.0,2,2,0,1,0,0,0
47,self,30400.0,9900.0,plan-backed,229000.0,24,8.0,1,1,0,0,0,1,0
51,self,11300.0,2200.0,emergency,38000.0,12,10.0,5,3,0,0,1,0,0
62,informal,20400.0,2200.0,regular,121000.0,24,12.0,2,0,0,1,1,0,0
54,self,10400.0,500.0,regular,18000.0,6,12.0,5,3,0,0,1,0,0
39,wage,13700.0,3900.0,salary,44000.0,12,14.0,23,10,1,1,1,1,0
53,informal,32100.0,11500.0,emergency,127000.0,12,10.0,15,6,1,0,1,1,1
61,informal,21500.0,2300.0,emergency,18000.0,6,10.0,2,0,0,1,0,2,0
51,informal,19100.0,3500.0,emergency,26000.0,6,10.0,17,6,0,1,0,0,0
44,wage,15700.0,1800.0,regular,12000.0,6,12.0,23,12,4,0,0,0,0
61,wage,19900.0,14200.0,salary,16000.0,18,14.0,20,10,3,1,1,0,0
38,self,25200.0,2500.0,salary,35000.0,6,14.0,21,5,1,0,1,0,0
61,wage,34200.0,6100.0,salary,304000.0,12,14.0,22,6,0,1,0,0,0
45,other,6800.0,2700.0,salary,10000.0,6,14.0,18,6,0,1,0,0,0
22,wage,15100.0,1700.0,salary,27000.0,12,14.0,21,8,1,1,0,0,0
23,self,23600.0,4600.0,emergency,20000.0,6,10.0,19,8,0,1,0,0,0
65,informal,21000.0,3900.0,plan-backed,407000.0,48,8.0,17,6,0,0,1,0,0
33,wage,26400.0,6700.0,regular,83000.0,18,12.0,4,1,0,0,0,0,0
56,wage,24800.0,3500.0,emergency,57000.0,6,10.0,22,5,0,0,1,0,0
50,self,19200.0,10700.0,salary,57000.0,18,14.0,2,0,0,1,1,0,0
47,self,17400.0,3600.0,emergency,15000.0,12,10.0,6,2,0,1,0,0,0
44,wage,19700.0,2100.0,regular,205000.0,36,12.0,18,6,1,1,0,0,1
48,self,36900.0,2300.0,emergency,52000.0,12,10.0,18,5,0,1,0,0,0
56,other,15800.0,4700.0,regular,14000.0,18,12.0,22,5,1,1,1,1,0
38,wage,21400.0,4800.0,plan-backed,144000.0,18,8.0,1,1,0,0,0,1,0
50,wage,23900.0,4800.0,regular,25000.0,12,12.0,19,8,1,1,1,0,0
40,wage,44400.0,13800.0,regular,125000.0,12,12.0,3,2,0,1,0,1,0
51,wage,19200.0,3800.0,emergency,64000.0,12,10.0,15,0,0,0,0,1,1
38,wage,33900.0,4700.0,regular,44000.0,6,12.0,5,0,0,1,1,1,0
29,wage,38300.0,4300.0,regular,341000.0,36,12.0,14,5,2,1,0,0,0
63,self,21400.0,6700.0,emergency,56000.0,12,10.0,2,1,0,1,1,0,0
64,wage,20000.0,5200.0,emergency,37000.0,12,10.0,0,0,0,0,0,0,1
47,other,19000.0,1200.0,regular,84000.0,24,12.0,24,6,1,1,0,0,1
50,wage,19600.0,5100.0,emergency,41000.0,12,10.0,12,4,0,1,1,1,0
28,wage,32300.0,5300.0,emergency,43000.0,6,10.0,11,3,0,1,0,0,0
54,informal,24400.0,3300.0,salary,77000.0,24,14.0,9,3,0,0,0,0,0
55,informal,24500.0,3600.0,regular,161000.0,18,12.0,22,8,1,1,0,1,1
26,wage,13300.0,700.0,regular,32000.0,36,12.0,19,3,0,1,0,0,0
52,wage,14200.0,1500.0,plan-backed,41000.0,6,8.0,11,2,0,0,0,0,0
28,wage,57700.0,10900.0,emergency,86000.0,12,10.0,3,1,0,0,0,0,0
49,wage,20300.0,2300.0,regular,99000.0,18,12.0,17,6,2,0,0,1,0
56,wage,15500.0,3400.0,salary,16000.0,6,14.0,5,4,2,1,1,0,0
32,wage,41900.0,7700.0,regular,290000.0,18,12.0,8,2,0,0,0,0,0
59,wage,25000.0,4900.0,salary,43000.0,6,14.0,16,7,1,1,1,2,0
48,wage,28500.0,7400.0,salary,48000.0,6,14.0,23,6,1,1,0,0,0
65,other,20700.0,2100.0,plan-backed,102000.0,24,8.0,5,0,0,1,0,0,1
57,self,19100.0,1500.0,plan-backed,121000.0,48,8.0,0,0,0,1,0,0,0
49,wage,20400.0,2400.0,regular,48000.0,6,12.0,10,3,1,1,1,0,0
28,wage,11800.0,800.0,salary,60000.0,12,14.0,17,8,0,0,0,0,1
63,wage,21100.0,6400.0,regular,84000.0,12,12.0,16,3,0,1,1,0,0
45,wage,25100.0,9500.0,emergency,53000.0,12,10.0,23,2,0,1,0,1,0
39,informal,50600.0,2500.0,emergency,173000.0,6,10.0,5,0,0,0,1,0,0
30,informal,22900.0,10400.0,regular,145000.0,24,12.0,19,8,0,1,0,0,0
44,informal,7700.0,2500.0,regular,22000.0,18,12.0,19,2,0,1,0,0,0
45,other,21100.0,3700.0,regular,208000.0,36,12.0,20,5,1,0,1,0,0
23,other,75500.0,6700.0,regular,359000.0,12,12.0,22,5,0,0,1,0,0
49,other,32500.0,4700.0,regular,253000.0,18,12.0,7,2,1,0,0,0,1
22,wage,15300.0,2900.0,plan-backed,5000.0,6,8.0,7,1,0,1,0,0,0
57,wage,28700.0,1900.0,emergency,11000.0,12,10.0,11,2,0,1,0,1,0
44,wage,15800.0,3800.0,salary,42000.0,24,14.0,8,4,0,1,0,2,1
43,self,12000.0,700.0,salary,18000.0,12,14.0,3,0,0,1,0,1,0
39,wage,18800.0,2800.0,salary,107000.0,12,14.0,8,3,0,0,0,0,1
62,informal,22900.0,10300.0,regular,179000.0,36,12.0,9,0,0,1,1,1,0
54,self,9500.0,1700.0,salary,19000.0,12,14.0,18,6,0,1,1,0,0
62,wage,13100.0,1000.0,salary,19000.0,6,14.0,0,0,0,1,0,0,0
58,wage,22100.0,6700.0,salary,49000.0,6,14.0,18,4,0,1,0,0,0
57,wage,18300.0,7600.0,plan-backed,119000.0,36,8.0,19,5,0,1,0,0,0
58,wage,26300.0,7600.0,emergency,59000.0,6,10.0,3,1,0,1,1,0,0
45,informal,12700.0,1900.0,emergency,15000.0,6,10.0,23,11,2,1,0,0,0
35,self,30300.0,2300.0,salary,50000.0,6,14.0,18,6,1,1,1,0,0
29,self,12900.0,4000.0,emergency,47000.0,12,10.0,17,8,0,0,0,0,0
33,wage,46100.0,6200.0,salary,249000.0,24,14.0,19,6,1,1,1,1,0
50,wage,10200.0,1100.0,regular,13000.0,36,12.0,20,7,1,0,0,1,0
39,wage,13500.0,3700.0,regular,40000.0,12,12.0,10,1,0,1,0,0,0
52,informal,26500.0,10700.0,emergency,20000.0,6,10.0,12,3,1,1,0,0,1
46,informal,46500.0,15400.0,regular,98000.0,18,12.0,15,4,1,0,0,0,0
43,wage,25400.0,5100.0,plan-backed,94000.0,24,8.0,4,1,0,1,0,1,0
31,other,28300.0,10300.0,regular,34000.0,6,12.0,1,0,0,0,0,1,1
64,wage,22200.0,6100.0,salary,115000.0,18,14.0,18,7,2,1,0,1,0
45,informal,13900.0,2500.0,regular,7000.0,6,12.0,6,1,0,0,1,1,0
25,wage,17600.0,1400.0,plan-backed,86000.0,12,8.0,7,5,0,0,1,0,0
38,wage,12800.0,900.0,regular,36000.0,12,12.0,2,1,0,1,0,0,0
59,informal,12400.0,5300.0,regular,80000.0,24,12.0,11,4,0,1,0,1,1
35,wage,26400.0,700.0,regular,54000.0,36,12.0,14,4,0,0,0,0,0
61,wage,13300.0,2900.0,emergency,13000.0,12,10.0,22,7,2,0,0,0,0
32,wage,25400.0,3800.0,plan-backed,126000.0,24,8.0,12,2,0,0,1,0,0
49,wage,12200.0,1800.0,plan-backed,189000.0,24,8.0,9,3,0,0,1,0,0
44,self,25100.0,3800.0,regular,165000.0,18,12.0,19,3,0,1,0,0,0
60,informal,17700.0,5000.0,emergency,61000.0,6,10.0,7,6,0,0,1,0,1
33,informal,41400.0,19200.0,regular,308000.0,36,12.0,0,0,0,0,1,0,1
30,wage,25500.0,16500.0,emergency,14000.0,12,10.0,0,0,0,0,0,0,1
31,wage,38400.0,6000.0,emergency,32000.0,6,10.0,21,9,1,1,0,0,0
36,wage,15700.0,2400.0,regular,13000.0,6,12.0,17,9,1,0,1,0,0
33,wage,22600.0,1700.0,emergency,27000.0,6,10.0,4,0,0,1,1,0,0
29,wage,14100.0,2700.0,salary,73000.0,18,14.0,5,0,0,0,1,0,0
47,other,18300.0,2500.0,regular,17000.0,6,12.0,20,9,0,0,0,0,0
35,informal,19600.0,2800.0,regular,21000.0,6,12.0,15,6,1,1,0,0,0
28,informal,15900.0,4600.0,regular,141000.0,24,12.0,12,6,1,1,1,0,0
28,wage,12700.0,2100.0,regular,30000.0,6,12.0,9,3,0,1,0,0,0
26,wage,11600.0,700.0,regular,21000.0,6,12.0,9,2,0,1,0,0,0
28,wage,7700.0,2300.0,emergency,17000.0,6,10.0,19,6,1,1,0,0,1
63,wage,13700.0,1500.0,regular,72000.0,24,12.0,4,2,0,1,0,0,0
22,wage,29200.0,3900.0,salary,162000.0,12,14.0,22,14,0,1,0,0,0
63,wage,10700.0,3200.0,salary,21000.0,12,14.0,5,4,0,1,0,0,1
54,wage,11900.0,3900.0,plan-backed,110000.0,36,8.0,5,1,0,0,1,0,0
33,other,49300.0,5600.0,salary,80000.0,6,14.0,9,7,1,0,0,1,0
34,wage,16500.0,3600.0,regular,68000.0,18,12.0,19,10,0,1,0,0,0
25,other,25400.0,900.0,regular,102000.0,18,12.0,0,0,0,0,1,0,0
48,wage,29400.0,5200.0,regular,247000.0,24,12.0,3,3,1,1,0,0,0
24,self,29600.0,9300.0,plan-backed,160000.0,36,8.0,9,4,0,1,0,0,0
52,wage,11100.0,800.0,plan-backed,58000.0,36,8.0,3,1,0,1,0,0,0
41,wage,19800.0,4700.0,regular,89000.0,12,12.0,9,3,1,0,1,2,0
51,wage,10600.0,100.0,regular,20000.0,6,12.0,10,2,0,1,1,1,0
63,wage,66100.0,10900.0,emergency,277000.0,12,10.0,15,3,0,1,1,0,0
62,informal,10700.0,2500.0,regular,8000.0,6,12.0,8,3,0,0,0,0,0
29,wage,13700.0,3300.0,plan-backed,28000.0,24,8.0,13,1,0,0,1,0,0
53,self,13800.0,2600.0,regular,91000.0,24,12.0,24,9,0,0,0,0,0
45,wage,11200.0,1900.0,regular,42000.0,36,12.0,11,7,1,1,0,1,0
48,wage,40400.0,22100.0,regular,201000.0,24,12.0,20,5,0,1,1,0,0
24,wage,65400.0,24100.0,regular,500000.0,36,12.0,6,4,0,1,0,1,0
26,wage,17800.0,4800.0,regular,69000.0,18,12.0,22,6,0,1,0,0,0
28,other,12100.0,5000.0,salary,20000.0,12,14.0,14,1,0,0,0,0,0
21,informal,8000.0,1000.0,regular,22000.0,12,12.0,3,2,0,1,1,0,0
25,self,19700.0,3600.0,emergency,107000.0,12,10.0,22,6,1,1,1,0,0
53,wage,19100.0,2100.0,regular,139000.0,36,12.0,17,4,0,1,0,0,0
35,wage,16400.0,2400.0,regular,6000.0,12,12.0,8,3,0,0,0,0,0
60,informal,24300.0,6200.0,regular,27000.0,6,12.0,15,5,0,1,0,1,1
56,wage,26300.0,3900.0,regular,37000.0,6,12.0,23,10,4,1,1,0,1
47,wage,25400.0,5400.0,regular,196000.0,24,12.0,2,1,1,1,0,0,1
37,wage,19100.0,4700.0,regular,110000.0,24,12.0,0,0,0,0,0,0,0
65,informal,13400.0,5200.0,salary,25000.0,6,14.0,19,6,1,0,0,0,1
49,self,29700.0,4500.0,salary,49000.0,6,14.0,7,4,0,0,1,0,0
60,informal,22100.0,2500.0,plan-backed,75000.0,36,8.0,21,6,3,0,0,1,0
33,informal,32800.0,2700.0,regular,40000.0,12,12.0,19,10,0,0,0,0,0
63,wage,31400.0,14000.0,salary,75000.0,12,14.0,22,5,1,1,0,0,0
33,informal,11600.0,2100.0,salary,8000.0,12,14.0,18,6,1,0,0,0,0
53,wage,11500.0,1700.0,regular,61000.0,24,12.0,23,6,1,1,1,0,0
65,self,15700.0,4500.0,regular,51000.0,24,12.0,15,6,0,0,0,0,0
64,wage,13700.0,1100.0,emergency,7000.0,6,10.0,2,0,0,0,0,0,0
37,other,30900.0,13300.0,salary,64000.0,6,14.0,5,1,0,0,1,1,0
48,wage,25800.0,3900.0,emergency,30000.0,12,10.0,22,9,1,1,1,0,0
53,wage,36100.0,11600.0,regular,244000.0,24,12.0,7,0,0,1,0,0,0
42,wage,26300.0,3700.0,plan-backed,155000.0,12,8.0,23,5,1,0,0,0,0
43,wage,24200.0,6100.0,regular,19000.0,6,12.0,21,5,1,1,0,1,0
23,wage,37700.0,7800.0,plan-backed,180000.0,36,8.0,17,6,1,0,0,0,0
24,self,27200.0,5300.0,salary,36000.0,12,14.0,3,3,1,1,0,0,0
62,wage,22700.0,6000.0,salary,50000.0,6,14.0,4,0,0,0,0,0,0
24,informal,42800.0,4400.0,salary,178000.0,18,14.0,18,5,1,1,1,0,0
38,wage,23200.0,4800.0,regular,21000.0,6,12.0,10,6,1,0,1,0,0
55,self,19200.0,5100.0,emergency,47000.0,6,10.0,10,6,0,0,0,0,0
25,wage,15100.0,1900.0,salary,47000.0,18,14.0,2,0,0,0,0,0,0
60,self,30200.0,9900.0,salary,21000.0,6,14.0,11,5,2,1,0,0,0
53,self,38400.0,7400.0,regular,48000.0,6,12.0,0,0,0,1,0,0,0
40,wage,21500.0,2000.0,regular,108000.0,36,12.0,3,1,0,1,0,0,0
35,other,39600.0,7900.0,regular,29000.0,12,12.0,23,6,0,1,0,0,0
25,wage,9100.0,700.0,emergency,6000.0,12,10.0,18,9,2,0,0,1,0
45,wage,21500.0,4000.0,emergency,16000.0,12,10.0,24,5,0,0,1,1,0
55,self,21600.0,4400.0,salary,34000.0,24,14.0,22,7,1,0,0,0,0
65,informal,15900.0,200.0,salary,88000.0,24,14.0,22,7,0,0,0,0,0
33,wage,64300.0,14000.0,salary,101000.0,12,14.0,10,5,1,0,0,0,0
50,wage,21400.0,2700.0,regular,81000.0,36,12.0,6,1,0,1,0,0,0
22,informal,18300.0,2000.0,emergency,12000.0,6,10.0,17,9,1,1,0,0,0
22,self,22300.0,4800.0,regular,66000.0,12,12.0,15,6,0,1,1,1,0
29,other,8900.0,500.0,regular,16000.0,6,12.0,10,8,0,1,1,2,0
23,wage,15600.0,1600.0,regular,83000.0,18,12.0,12,4,1,1,0,0,0
34,self,34200.0,14200.0,regular,365000.0,36,12.0,5,1,0,1,1,0,0
47,wage,16600.0,900.0,regular,150000.0,24,12.0,12,3,0,1,0,0,0
28,other,15200.0,2300.0,emergency,17000.0,12,10.0,24,9,1,1,0,0,0
23,wage,39700.0,4200.0,regular,108000.0,6,12.0,10,6,0,1,0,0,0
38,self,40200.0,8300.0,regular,108000.0,24,12.0,12,4,1,1,1,1,0
21,wage,27800.0,2700.0,regular,160000.0,24,12.0,23,6,0,0,0,0,0
49,self,17900.0,2400.0,emergency,24000.0,6,10.0,21,5,0,1,0,0,0
35,self,19800.0,2100.0,emergency,5000.0,6,10.0,19,6,0,0,0,1,0
55,wage,15300.0,5500.0,regular,45000.0,6,12.0,0,0,0,1,0,0,0
23,informal,14100.0,3100.0,regular,194000.0,36,12.0,21,7,3,0,0,1,1
36,wage,13800.0,800.0,plan-backed,46000.0,18,8.0,1,0,0,1,0,0,0
59,self,16700.0,600.0,emergency,112000.0,12,10.0,0,0,0,0,1,0,1
37,wage,13800.0,300.0,salary,64000.0,24,14.0,8,3,0,0,0,0,0
37,wage,10900.0,100.0,emergency,21000.0,6,10.0,10,1,0,1,1,0,0
22,wage,24300.0,4500.0,salary,43000.0,6,14.0,3,1,0,1,1,0,0
42,wage,24400.0,3100.0,salary,106000.0,12,14.0,14,3,0,1,0,0,0
52,wage,47300.0,10900.0,regular,207000.0,12,12.0,23,9,1,1,0,1,0
55,self,16300.0,11000.0,salary,43000.0,6,14.0,16,7,1,0,0,1,1
28,self,25100.0,3400.0,regular,127000.0,36,12.0,24,11,1,1,1,0,0
35,self,25300.0,10900.0,salary,56000.0,12,14.0,22,9,3,1,0,0,0
24,wage,19600.0,3700.0,regular,273000.0,24,12.0,20,3,0,1,0,0,0
35,wage,30800.0,4200.0,regular,293000.0,24,12.0,4,3,1,0,0,0,0
61,wage,31200.0,4600.0,plan-backed,454000.0,24,8.0,15,5,0,1,1,0,0
33,informal,25500.0,5700.0,salary,17000.0,18,14.0,2,1,0,1,0,0,0
43,informal,19600.0,13200.0,regular,25000.0,6,12.0,19,3,0,1,0,1,1
64,wage,18700.0,4700.0,plan-backed,73000.0,24,8.0,22,6,2,1,1,0,0
63,self,11900.0,100.0,regular,115000.0,24,12.0,2,2,0,1,0,1,0
30,wage,15300.0,2600.0,emergency,28000.0,6,10.0,12,4,1,0,0,0,0
39,wage,16600.0,2600.0,salary,28000.0,6,14.0,3,0,0,0,1,0,0
51,wage,13300.0,4600.0,regular,68000.0,24,12.0,13,5,0,1,1,0,0
65,wage,26800.0,3900.0,emergency,80000.0,12,10.0,11,6,1,1,0,0,0
50,self,37700.0,9500.0,salary,50000.0,12,14.0,22,10,1,1,0,0,0
55,informal,14600.0,2100.0,regular,59000.0,36,12.0,6,4,0,1,0,0,0
41,wage,25000.0,8100.0,regular,39000.0,6,12.0,18,6,1,0,0,1,1
26,wage,13800.0,900.0,regular,73000.0,18,12.0,16,2,0,1,1,0,0
55,self,19200.0,6200.0,salary,69000.0,24,14.0,18,7,1,1,0,3,0
38,other,16100.0,1500.0,regular,149000.0,18,12.0,24,10,2,1,0,0,0
29,self,28800.0,800.0,regular,117000.0,18,12.0,4,0,0,1,0,0,0
43,wage,16200.0,2800.0,salary,5000.0,6,14.0,0,0,0,1,0,0,0
24,self,34700.0,8700.0,regular,228000.0,18,12.0,15,3,1,0,0,0,0
51,wage,19700.0,1000.0,regular,120000.0,18,12.0,3,0,0,0,1,0,0
49,other,16400.0,2600.0,salary,112000.0,24,14.0,11,4,1,1,1,0,0
41,wage,12500.0,300.0,salary,18000.0,6,14.0,13,5,0,1,1,0,0
32,self,24700.0,4300.0,regular,68000.0,12,12.0,15,4,0,0,0,1,0
42,wage,32900.0,900.0,salary,95000.0,18,14.0,0,0,0,1,0,1,0
60,wage,24900.0,200.0,salary,235000.0,24,14.0,14,8,0,1,1,0,0
33,informal,60300.0,2200.0,regular,111000.0,12,12.0,19,5,0,0,0,0,0
46,self,41900.0,900.0,salary,188000.0,18,14.0,0,0,0,0,0,0,0
45,wage,19200.0,4900.0,salary,116000.0,24,14.0,9,4,0,1,0,0,0
29,other,19100.0,4000.0,emergency,53000.0,12,10.0,8,6,1,0,0,0,0
44,informal,27200.0,700.0,emergency,47000.0,6,10.0,8,3,0,0,1,0,0
33,wage,15100.0,5100.0,salary,42000.0,6,14.0,11,4,0,1,1,0,0
58,wage,37200.0,3100.0,plan-backed,77000.0,18,8.0,3,0,0,0,1,0,0
47,wage,25900.0,900.0,emergency,24000.0,6,10.0,12,2,0,1,0,1,0
46,self,24700.0,12400.0,salary,31000.0,6,14.0,1,0,0,1,0,1,1
62,wage,30000.0,1000.0,salary,19000.0,12,14.0,2,1,0,0,0,0,0
38,wage,47800.0,6200.0,salary,76000.0,6,14.0,13,4,0,1,0,0,0
38,informal,23800.0,2900.0,plan-backed,36000.0,6,8.0,22,10,1,1,0,1,1
31,informal,20900.0,5100.0,regular,167000.0,24,12.0,17,9,4,0,0,0,1
23,informal,43400.0,6000.0,regular,112000.0,6,12.0,8,4,0,1,0,0,1
57,other,34000.0,3500.0,emergency,34000.0,6,10.0,8,3,1,1,0,0,0
52,self,19000.0,10300.0,regular,56000.0,18,12.0,12,4,0,0,1,0,0
51,informal,22100.0,1100.0,emergency,61000.0,12,10.0,0,0,0,1,0,1,0
46,informal,24000.0,3800.0,salary,163000.0,18,14.0,16,4,0,1,1,0,1
50,wage,25900.0,8500.0,plan-backed,19000.0,6,8.0,3,2,0,0,0,0,0
54,wage,11900.0,3200.0,regular,19000.0,6,12.0,17,8,0,0,0,1,0
24,wage,11000.0,400.0,salary,12000.0,18,14.0,9,0,0,1,0,1,0
43,self,14800.0,3600.0,regular,17000.0,24,12.0,9,2,1,1,1,1,1
59,wage,14300.0,4300.0,emergency,7000.0,6,10.0,11,4,0,0,0,0,1
38,wage,16500.0,1700.0,regular,125000.0,36,12.0,3,3,0,1,0,0,0
46,self,29300.0,1100.0,emergency,45000.0,12,10.0,5,3,1,1,1,0,1
40,wage,20400.0,5200.0,emergency,27000.0,12,10.0,5,2,0,0,1,1,0
59,wage,24000.0,1400.0,salary,51000.0,18,14.0,21,7,0,0,0,1,1
57,informal,12700.0,3900.0,emergency,43000.0,12,10.0,4,2,0,0,1,0,0
56,informal,17900.0,7500.0,regular,41000.0,6,12.0,3,2,0,1,0,1,1
38,wage,28700.0,1700.0,regular,170000.0,24,12.0,6,3,0,0,0,1,0
63,wage,28800.0,500.0,regular,100000.0,36,12.0,10,4,1,0,0,1,0
41,wage,15900.0,5900.0,plan-backed,10000.0,12,8.0,15,3,0,0,0,1,0
54,informal,23700.0,6500.0,plan-backed,5000.0,6,8.0,10,4,0,1,0,0,0
32,informal,59200.0,37900.0,regular,222000.0,12,12.0,13,6,1,0,0,0,1
29,wage,21800.0,6200.0,regular,29000.0,12,12.0,12,5,0,0,0,0,0
21,informal,16100.0,500.0,regular,177000.0,36,12.0,4,0,0,0,1,0,1
33,wage,20300.0,8900.0,salary,121000.0,12,14.0,0,0,0,0,1,1,1
30,wage,22900.0,2500.0,regular,212000.0,24,12.0,17,6,1,1,0,0,0
64,other,20600.0,2400.0,regular,100000.0,36,12.0,23,7,2,0,1,3,0
57,wage,21700.0,4100.0,regular,182000.0,24,12.0,1,0,0,0,1,1,0
65,wage,11500.0,5400.0,regular,16000.0,24,12.0,22,7,1,0,1,0,0
62,wage,14300.0,0.0,regular,107000.0,36,12.0,22,7,0,1,1,0,0
46,self,20600.0,4400.0,regular,96000.0,24,12.0,19,7,0,1,1,0,0
54,other,20400.0,3900.0,salary,7000.0,6,14.0,14,1,0,0,0,0,0
30,other,17100.0,4500.0,emergency,32000.0,12,10.0,8,1,0,1,1,0,0
40,wage,20300.0,4100.0,regular,80000.0,12,12.0,14,9,0,0,1,1,0
58,wage,22600.0,800.0,emergency,15000.0,6,10.0,0,0,0,0,0,1,0
51,informal,32800.0,7900.0,emergency,113000.0,12,10.0,7,3,0,1,0,0,0
64,wage,21000.0,2300.0,salary,52000.0,12,14.0,9,3,1,1,0,1,0
26,informal,26300.0,200.0,plan-backed,17000.0,6,8.0,12,4,1,1,0,0,0
41,self,17200.0,2500.0,regular,40000.0,36,12.0,6,2,0,1,0,0,0
25,wage,28500.0,10000.0,salary,135000.0,18,14.0,10,3,0,1,1,0,0
28,informal,26100.0,1900.0,salary,63000.0,18,14.0,18,7,0,1,0,0,0
29,wage,32500.0,14300.0,salary,126000.0,24,14.0,23,8,0,0,0,0,0
53,wage,30300.0,14800.0,regular,188000.0,24,12.0,20,6,2,0,1,0,0
48,self,28700.0,10800.0,regular,183000.0,24,12.0,1,1,0,0,0,1,0
42,wage,21000.0,6600.0,regular,48000.0,24,12.0,14,3,0,0,1,0,0
39,self,24600.0,12700.0,plan-backed,46000.0,18,8.0,11,3,0,1,1,0,1
58,self,35500.0,15300.0,emergency,109000.0,12,10.0,13,4,0,0,0,0,0
29,other,16400.0,2700.0,regular,164000.0,24,12.0,19,5,0,1,1,0,0
38,other,16600.0,9200.0,emergency,27000.0,6,10.0,8,3,0,0,1,0,0
45,wage,23900.0,10700.0,regular,45000.0,6,12.0,13,9,0,0,0,0,0
38,wage,26500.0,16400.0,regular,340000.0,36,12.0,22,8,1,1,1,0,1
62,self,15200.0,2900.0,emergency,22000.0,12,10.0,14,7,0,0,0,0,0
38,other,21300.0,6800.0,emergency,127000.0,12,10.0,13,4,0,0,1,0,0
45,wage,21100.0,3200.0,salary,25000.0,6,14.0,22,6,0,0,1,0,0
47,wage,8100.0,800.0,salary,45000.0,24,14.0,0,0,0,1,0,1,0
44,wage,19900.0,4400.0,emergency,45000.0,12,10.0,9,2,1,1,1,0,0
29,wage,20500.0,3100.0,salary,104000.0,24,14.0,12,4,0,1,0,0,0
36,self,20500.0,200.0,regular,94000.0,18,12.0,0,0,0,1,0,0,1
65,wage,41600.0,7100.0,salary,264000.0,18,14.0,11,3,1,0,1,0,0
21,informal,12700.0,800.0,salary,12000.0,12,14.0,23,3,0,1,0,2,0
58,informal,15200.0,3000.0,regular,32000.0,6,12.0,19,5,0,1,1,0,0
32,informal,6800.0,1500.0,regular,37000.0,18,12.0,0,0,0,1,0,0,0
48,wage,17700.0,3200.0,regular,110000.0,12,12.0,21,3,2,1,0,0,0
35,wage,18400.0,1400.0,regular,47000.0,12,12.0,19,4,1,1,1,0,0
28,self,17500.0,2600.0,emergency,63000.0,6,10.0,21,3,0,1,0,0,0
41,informal,36200.0,16000.0,regular,39000.0,18,12.0,3,0,0,1,1,0,0
41,wage,32400.0,5300.0,salary,16000.0,6,14.0,22,5,0,0,0,0,0
62,informal,22800.0,5700.0,regular,306000.0,36,12.0,0,0,0,1,1,0,1
29,wage,18600.0,1100.0,regular,70000.0,36,12.0,0,0,0,1,1,0,0
34,informal,34900.0,5100.0,regular,325000.0,36,12.0,8,2,0,0,0,1,0
58,wage,21800.0,6700.0,regular,70000.0,12,12.0,20,11,0,1,0,1,0
35,wage,15200.0,400.0,plan-backed,75000.0,12,8.0,21,4,0,0,1,0,0
21,wage,10200.0,1500.0,regular,110000.0,18,12.0,15,3,0,1,0,0,1
35,wage,18000.0,1200.0,regular,67000.0,24,12.0,0,0,0,1,0,0,0
41,wage,30900.0,4200.0,regular,33000.0,6,12.0,21,7,1,1,0,0,0
30,wage,61300.0,19700.0,regular,475000.0,36,12.0,6,2,0,1,0,0,0
28,wage,22600.0,1700.0,emergency,12000.0,6,10.0,18,11,2,0,0,2,0
40,informal,15600.0,4200.0,salary,130000.0,24,14.0,6,3,0,1,0,0,1
22,wage,12900.0,700.0,regular,10000.0,6,12.0,14,7,1,1,0,0,0
54,self,28200.0,6700.0,emergency,25000.0,6,10.0,2,2,0,1,0,0,0
38,informal,9900.0,2600.0,emergency,19000.0,6,10.0,24,4,0,1,1,0,0
54,wage,28200.0,3600.0,salary,28000.0,6,14.0,2,0,0,0,0,0,0
43,wage,31800.0,1000.0,emergency,80000.0,12,10.0,23,7,0,1,0,0,0
21,informal,26800.0,1200.0,regular,122000.0,36,12.0,22,11,1,0,1,1,1
65,informal,19900.0,9100.0,salary,16000.0,18,14.0,3,0,0,1,0,2,1
55,wage,28400.0,11800.0,salary,78000.0,12,14.0,17,3,0,1,0,1,1
24,informal,23800.0,3500.0,emergency,17000.0,12,10.0,8,1,0,1,0,0,0
38,wage,15500.0,2500.0,plan-backed,118000.0,18,8.0,7,3,0,1,1,0,0
50,wage,50600.0,4600.0,salary,273000.0,12,14.0,8,0,0,0,0,0,0
21,self,18800.0,8700.0,regular,68000.0,24,12.0,5,1,0,0,0,0,0
29,wage,31200.0,10600.0,salary,202000.0,18,14.0,24,9,0,1,0,0,1
65,informal,7400.0,4400.0,emergency,5000.0,6,10.0,1,1,0,1,0,1,1
53,wage,39100.0,8900.0,emergency,41000.0,6,10.0,8,1,0,1,0,0,0
60,informal,42600.0,6100.0,emergency,115000.0,12,10.0,8,3,1,1,0,1,0
61,wage,22300.0,2300.0,salary,34000.0,18,14.0,10,2,0,1,0,1,0
37,wage,28300.0,11200.0,emergency,5000.0,6,10.0,7,1,0,0,0,0,0
57,wage,28300.0,700.0,emergency,93000.0,12,10.0,16,5,0,0,0,0,0
51,wage,16500.0,7000.0,regular,80000.0,24,12.0,22,5,1,1,0,0,0
48,informal,28100.0,4000.0,regular,102000.0,12,12.0,16,2,0,1,0,1,0
49,wage,15300.0,3300.0,plan-backed,230000.0,60,8.0,5,0,0,0,0,0,0
29,wage,16700.0,2400.0,salary,81000.0,24,14.0,24,6,0,0,0,0,0
65,wage,36500.0,7800.0,regular,500000.0,36,12.0,10,6,0,1,0,0,1
27,wage,34100.0,12400.0,salary,31000.0,12,14.0,7,1,0,0,0,0,0
29,informal,16000.0,100.0,salary,115000.0,24,14.0,17,1,0,1,0,0,1
61,wage,15800.0,3000.0,emergency,52000.0,12,10.0,24,14,3,1,0,1,0
30,other,16500.0,800.0,regular,98000.0,36,12.0,8,2,1,1,0,1,0
24,wage,30600.0,1800.0,emergency,111000.0,12,10.0,5,4,1,1,1,0,0
51,self,14000.0,4000.0,regular,27000.0,12,12.0,19,13,0,0,0,0,0
34,wage,25800.0,4000.0,regular,121000.0,12,12.0,11,6,0,0,0,0,0
24,wage,30800.0,600.0,emergency,216000.0,12,10.0,18,6,0,1,1,2,0
29,informal,21100.0,1000.0,plan-backed,108000.0,24,8.0,11,8,0,1,1,0,0
57,other,34700.0,6200.0,regular,224000.0,36,12.0,0,0,0,1,0,0,0
27,informal,19200.0,600.0,salary,29000.0,18,14.0,9,2,0,1,0,0,1
30,wage,20000.0,6600.0,plan-backed,132000.0,24,8.0,21,7,0,0,0,0,0
50,wage,14200.0,8000.0,regular,9000.0,6,12.0,23,5,1,0,1,0,0
55,self,34800.0,2000.0,regular,78000.0,18,12.0,9,0,0,1,0,1,0
46,wage,15600.0,1300.0,salary,64000.0,18,14.0,17,6,0,0,0,0,0
27,self,25800.0,4400.0,salary,38000.0,6,14.0,2,2,0,0,0,1,0
34,self,21300.0,900.0,regular,18000.0,6,12.0,5,1,0,1,0,1,0
54,self,13700.0,600.0,salary,135000.0,18,14.0,17,3,1,1,0,0,0
41,informal,16700.0,600.0,emergency,23000.0,6,10.0,1,0,0,1,0,0,0
24,self,41000.0,2600.0,salary,162000.0,18,14.0,18,5,0,0,1,1,0
60,wage,24100.0,7300.0,salary,47000.0,12,14.0,24,10,0,1,0,1,0
25,wage,14000.0,3400.0,regular,30000.0,18,12.0,1,2,0,0,0,0,0
51,self,25200.0,8500.0,regular,36000.0,6,12.0,14,6,0,0,0,0,0
23,wage,20600.0,3700.0,regular,85000.0,18,12.0,8,1,0,1,0,0,0
39,wage,104100.0,16800.0,plan-backed,493000.0,24,8.0,16,6,1,1,0,0,0
50,wage,25000.0,3600.0,plan-backed,303000.0,36,8.0,22,10,2,0,0,0,0
28,informal,18500.0,3100.0,salary,36000.0,12,14.0,2,2,0,1,0,0,0
28,informal,41700.0,6800.0,regular,52000.0,6,12.0,16,8,3,1,0,0,0
50,self,9600.0,3200.0,emergency,14000.0,12,10.0,4,0,0,0,1,0,1
37,wage,23000.0,2000.0,regular,124000.0,36,12.0,13,3,2,1,0,1,0
33,wage,54000.0,7600.0,regular,500000.0,36,12.0,11,3,0,0,1,0,0
60,wage,20900.0,2800.0,regular,22000.0,12,12.0,12,2,0,1,1,0,0
34,wage,10100.0,3000.0,salary,8000.0,18,14.0,19,10,2,1,0,0,0
35,self,18400.0,7000.0,regular,44000.0,6,12.0,15,9,1,1,0,0,1
56,self,42300.0,7600.0,emergency,8000.0,12,10.0,8,5,0,1,1,0,0
28,wage,26100.0,10400.0,plan-backed,107000.0,6,8.0,16,4,0,1,0,0,0
41,wage,15100.0,3900.0,salary,49000.0,12,14.0,14,4,0,0,0,0,0
51,wage,16200.0,1100.0,regular,40000.0,36,12.0,1,0,0,1,0,0,1
24,informal,17100.0,2200.0,plan-backed,170000.0,48,8.0,15,5,0,1,0,0,0
28,self,25900.0,7100.0,emergency,127000.0,12,10.0,8,4,1,0,0,0,1
62,wage,40200.0,1700.0,emergency,35000.0,6,10.0,3,1,0,0,0,0,0
53,informal,35300.0,6900.0,salary,106000.0,6,14.0,13,3,0,0,1,0,0
35,wage,27000.0,4700.0,salary,47000.0,6,14.0,12,0,0,1,0,0,0
41,wage,12100.0,4000.0,emergency,13000.0,6,10.0,18,4,0,1,0,2,0
37,other,12100.0,500.0,emergency,22000.0,6,10.0,10,6,0,0,0,0,0
63,wage,28000.0,1800.0,emergency,45000.0,6,10.0,18,9,1,0,0,0,0
54,wage,12000.0,2300.0,regular,5000.0,6,12.0,7,6,0,1,0,1,0
31,self,19900.0,7500.0,salary,10000.0,6,14.0,15,3,0,0,1,1,1
24,wage,25200.0,5000.0,regular,62000.0,18,12.0,24,4,0,0,1,0,0
42,self,13200.0,4600.0,regular,18000.0,24,12.0,14,7,0,1,1,1,0
57,wage,13900.0,5200.0,regular,62000.0,24,12.0,17,7,0,0,0,0,1
59,wage,21100.0,12300.0,regular,26000.0,6,12.0,9,1,0,1,0,0,1
25,wage,27600.0,1900.0,regular,119000.0,36,12.0,16,5,0,1,1,2,0
50,wage,35500.0,8300.0,emergency,99000.0,12,10.0,20,7,0,1,0,0,0
41,wage,28900.0,8000.0,regular,134000.0,12,12.0,21,9,3,1,0,0,0
30,wage,22700.0,3000.0,regular,82000.0,12,12.0,22,4,1,1,0,0,0
45,informal,15700.0,1000.0,salary,93000.0,24,14.0,7,1,0,0,0,0,0
24,wage,13600.0,6700.0,plan-backed,163000.0,24,8.0,21,8,0,0,0,0,1
23,wage,17500.0,700.0,emergency,44000.0,6,10.0,8,4,0,1,0,0,0
46,wage,26500.0,6600.0,regular,161000.0,18,12.0,21,7,2,1,1,0,0
28,wage,25600.0,1300.0,regular,35000.0,6,12.0,0,0,0,0,1,0,0
46,wage,8600.0,600.0,regular,30000.0,6,12.0,22,6,0,1,0,1,0
65,self,15400.0,2600.0,regular,38000.0,12,12.0,5,1,0,1,1,1,0
30,wage,37800.0,13200.0,plan-backed,106000.0,12,8.0,5,0,0,1,0,1,0
53,informal,22800.0,7700.0,salary,8000.0,12,14.0,13,2,0,0,1,0,1
56,informal,11600.0,100.0,regular,21000.0,6,12.0,12,5,1,0,1,1,0
26,wage,63500.0,25500.0,plan-backed,246000.0,36,8.0,3,2,0,1,0,0,0
31,wage,21700.0,7000.0,regular,65000.0,6,12.0,13,5,1,0,1,1,1
30,wage,26200.0,2800.0,regular,69000.0,12,12.0,20,8,2,0,0,0,0
64,self,26300.0,4200.0,regular,70000.0,36,12.0,12,6,1,0,0,0,1
47,wage,18600.0,1900.0,regular,21000.0,6,12.0,14,4,1,0,0,0,0
53,informal,15900.0,5200.0,salary,91000.0,12,14.0,21,5,0,1,0,2,1
26,informal,57200.0,5000.0,regular,319000.0,18,12.0,4,2,1,1,0,0,1
48,informal,34600.0,6800.0,salary,268000.0,12,14.0,8,3,0,1,1,0,0
46,wage,31800.0,8000.0,regular,5000.0,12,12.0,22,7,1,1,0,1,0
50,other,28500.0,10100.0,plan-backed,20000.0,6,8.0,4,2,1,1,0,0,1
41,wage,14000.0,2600.0,emergency,17000.0,6,10.0,6,1,0,1,0,2,0
21,wage,39100.0,24000.0,emergency,148000.0,12,10.0,6,2,0,0,0,0,1
50,wage,15100.0,3700.0,regular,20000.0,18,12.0,20,7,0,1,0,0,0
37,other,25000.0,3800.0,plan-backed,26000.0,60,8.0,3,0,0,0,0,0,0
32,self,10500.0,1100.0,emergency,34000.0,12,10.0,9,1,0,1,0,0,0
60,informal,8800.0,1400.0,regular,32000.0,24,12.0,10,1,0,0,0,1,0
28,wage,25400.0,8400.0,salary,28000.0,12,14.0,2,0,0,0,0,1,0
62,other,15300.0,900.0,regular,45000.0,24,12.0,2,1,0,0,1,0,0
43,wage,9000.0,1000.0,regular,22000.0,18,12.0,9,1,0,1,0,1,1
29,wage,28100.0,9400.0,emergency,82000.0,12,10.0,2,0,0,0,1,0,0
59,other,57100.0,5500.0,regular,264000.0,18,12.0,24,8,1,0,1,1,0
61,wage,41100.0,6100.0,emergency,61000.0,6,10.0,11,5,0,0,0,0,0
63,wage,19600.0,1500.0,regular,43000.0,6,12.0,0,0,0,1,0,0,0
37,self,22100.0,4000.0,regular,250000.0,36,12.0,15,6,1,1,1,0,0
62,wage,32800.0,12500.0,regular,106000.0,18,12.0,18,6,0,0,0,1,0
52,wage,36500.0,14500.0,regular,98000.0,24,12.0,15,6,1,1,1,0,1
38,wage,18800.0,800.0,plan-backed,72000.0,36,8.0,14,6,1,0,1,1,0
60,wage,22300.0,6500.0,emergency,13000.0,6,10.0,2,1,0,0,0,0,0
44,informal,25200.0,6700.0,emergency,21000.0,12,10.0,18,10,1,1,0,0,0
31,self,28200.0,900.0,regular,47000.0,18,12.0,24,6,0,1,1,0,0
54,wage,20700.0,900.0,salary,10000.0,6,14.0,9,5,0,1,0,0,0
27,wage,20800.0,6100.0,regular,94000.0,12,12.0,3,2,0,1,1,0,0
34,wage,40900.0,700.0,regular,188000.0,24,12.0,5,1,0,1,0,1,0
42,self,37900.0,4500.0,salary,53000.0,6,14.0,16,6,0,1,0,0,0
47,informal,27300.0,5400.0,emergency,37000.0,12,10.0,16,1,0,1,0,0,0
49,other,47700.0,600.0,salary,87000.0,24,14.0,22,12,1,1,0,0,0
57,wage,18500.0,2600.0,salary,6000.0,6,14.0,10,2,0,1,1,0,0
46,wage,45700.0,7400.0,salary,47000.0,6,14.0,22,7,0,1,1,0,0
43,wage,28100.0,5200.0,regular,45000.0,6,12.0,6,2,0,1,0,0,0
51,self,95900.0,10900.0,regular,500000.0,24,12.0,12,6,0,0,0,0,0
44,wage,12900.0,900.0,regular,38000.0,36,12.0,16,3,0,1,1,0,0
62,self,16100.0,4400.0,salary,57000.0,24,14.0,6,3,0,1,0,1,1
38,self,26600.0,5700.0,plan-backed,30000.0,6,8.0,9,1,0,0,0,1,0
26,wage,26300.0,2900.0,plan-backed,190000.0,24,8.0,20,5,0,1,0,0,0
48,wage,52900.0,900.0,regular,113000.0,6,12.0,14,4,1,0,1,0,0
64,wage,16300.0,1300.0,salary,102000.0,12,14.0,15,9,1,1,1,1,0
30,wage,33100.0,9600.0,emergency,38000.0,6,10.0,15,4,1,1,0,0,0
28,wage,37100.0,6500.0,salary,52000.0,18,14.0,19,4,1,1,0,1,0
40,self,30200.0,2600.0,emergency,81000.0,12,10.0,24,4,1,0,0,2,0
62,wage,14300.0,4200.0,regular,115000.0,36,12.0,9,2,0,1,0,0,0
33,wage,41500.0,10000.0,regular,143000.0,6,12.0,8,4,1,1,1,1,0
55,self,38300.0,6200.0,plan-backed,77000.0,12,8.0,22,5,1,1,0,0,0
33,informal,28800.0,900.0,regular,187000.0,12,12.0,11,3,0,0,0,0,0
57,wage,24100.0,3600.0,regular,46000.0,12,12.0,23,14,5,0,0,1,0
32,informal,24400.0,2500.0,regular,77000.0,12,12.0,22,7,0,1,0,1,0
60,informal,21200.0,6200.0,regular,154000.0,24,12.0,18,6,0,1,0,0,0
43,self,29400.0,5600.0,plan-backed,210000.0,48,8.0,18,5,1,0,0,0,0
26,self,22300.0,5600.0,regular,25000.0,36,12.0,23,6,1,1,0,0,0
63,wage,15000.0,10400.0,regular,29000.0,24,12.0,6,1,0,0,0,0,0
50,other,13700.0,2000.0,salary,7000.0,12,14.0,11,1,0,0,0,0,0
21,wage,15700.0,1400.0,emergency,8000.0,6,10.0,13,4,0,1,0,1,0
36,informal,24300.0,2800.0,regular,19000.0,12,12.0,4,0,0,1,1,0,0
61,self,21700.0,10900.0,regular,131000.0,24,12.0,12,2,0,1,0,0,0
38,wage,24200.0,3700.0,regular,270000.0,36,12.0,16,6,1,0,1,1,0
63,wage,27600.0,3400.0,regular,24000.0,12,12.0,12,6,1,1,0,0,0
44,self,16600.0,3500.0,regular,34000.0,6,12.0,16,3,0,0,0,0,0
26,self,42500.0,1600.0,regular,29000.0,6,12.0,2,1,0,1,1,1,0
47,wage,19500.0,8200.0,salary,11000.0,6,14.0,12,3,1,0,0,0,0
23,self,18100.0,2500.0,salary,96000.0,18,14.0,23,15,2,0,1,1,0
52,informal,27300.0,6300.0,salary,213000.0,18,14.0,6,2,0,0,1,0,1
24,wage,9600.0,1800.0,regular,22000.0,24,12.0,11,0,0,1,1,0,0
48,wage,15400.0,5800.0,regular,21000.0,6,12.0,15,6,0,1,1,0,1
28,wage,34200.0,24100.0,plan-backed,52000.0,24,8.0,15,7,0,1,0,1,0
31,informal,10100.0,2300.0,salary,20000.0,6,14.0,4,0,0,0,0,0,1
29,wage,36400.0,5700.0,emergency,24000.0,6,10.0,2,0,0,0,1,0,0
37,informal,43400.0,15100.0,regular,230000.0,24,12.0,18,1,0,0,1,0,0
48,wage,18600.0,2200.0,regular,62000.0,12,12.0,13,8,3,0,0,0,0
59,self,25100.0,5600.0,emergency,22000.0,12,10.0,22,6,1,1,1,0,0
50,wage,36400.0,1900.0,emergency,60000.0,6,10.0,24,11,1,1,0,0,0
53,wage,17800.0,2400.0,regular,124000.0,18,12.0,4,1,0,1,0,0,0
59,informal,32500.0,3800.0,plan-backed,79000.0,24,8.0,9,8,1,1,0,0,0
41,wage,16300.0,3900.0,emergency,18000.0,6,10.0,20,4,1,1,1,0,0
25,wage,17700.0,4800.0,emergency,6000.0,6,10.0,7,1,0,1,1,0,0
31,other,15400.0,3600.0,regular,44000.0,18,12.0,4,2,0,0,1,0,0
65,other,25700.0,2300.0,salary,140000.0,24,14.0,3,0,0,1,0,0,0
58,informal,37000.0,2200.0,salary,106000.0,18,14.0,12,2,0,0,0,1,0
65,wage,20300.0,3300.0,regular,113000.0,24,12.0,9,4,1,1,0,0,0
32,self,12400.0,800.0,emergency,40000.0,12,10.0,23,5,0,1,0,0,0
27,informal,13500.0,500.0,salary,14000.0,6,14.0,24,8,1,0,0,0,0
61,wage,26300.0,3900.0,salary,157000.0,24,14.0,2,1,1,1,0,0,0
65,wage,50400.0,13300.0,regular,130000.0,12,12.0,22,6,1,1,1,0,0
40,informal,26300.0,1700.0,salary,118000.0,18,14.0,2,3,0,0,0,0,1
65,wage,18500.0,1300.0,emergency,31000.0,12,10.0,17,5,1,0,0,0,0
50,self,31100.0,3800.0,regular,292000.0,36,12.0,23,9,0,0,1,0,0
59,other,19800.0,2400.0,regular,130000.0,18,12.0,8,4,0,1,1,0,0
31,self,18600.0,2700.0,regular,79000.0,36,12.0,3,0,0,0,1,1,0
46,wage,14300.0,3700.0,regular,14000.0,24,12.0,1,0,0,0,0,0,1
27,wage,41500.0,1300.0,emergency,37000.0,6,10.0,8,5,0,1,0,1,0
55,wage,7000.0,500.0,salary,8000.0,6,14.0,23,5,1,0,0,0,0
31,wage,31500.0,1600.0,regular,230000.0,36,12.0,11,3,1,1,0,0,0
59,informal,17900.0,6600.0,plan-backed,123000.0,60,8.0,10,6,1,1,1,1,1
46,informal,18300.0,800.0,regular,237000.0,36,12.0,0,0,0,0,0,0,1
51,wage,47100.0,10400.0,emergency,133000.0,6,10.0,16,4,0,1,0,0,0
51,wage,16000.0,2500.0,plan-backed,86000.0,18,8.0,4,2,0,1,1,0,0
61,informal,16200.0,300.0,salary,123000.0,24,14.0,17,2,0,1,0,0,0
42,wage,20700.0,500.0,emergency,38000.0,6,10.0,20,3,0,0,0,0,0
38,wage,26500.0,900.0,salary,88000.0,24,14.0,19,12,1,1,0,0,0
56,wage,18000.0,4200.0,regular,56000.0,24,12.0,12,8,0,0,0,0,1
39,self,10800.0,1600.0,regular,51000.0,24,12.0,16,1,0,0,1,0,0
27,wage,14900.0,1100.0,regular,32000.0,18,12.0,9,2,0,1,1,0,0
49,self,39200.0,1900.0,regular,305000.0,36,12.0,17,4,0,1,0,0,0
63,wage,22800.0,13900.0,regular,113000.0,24,12.0,17,5,0,0,0,0,1
49,self,27000.0,14200.0,regular,20000.0,6,12.0,4,1,0,0,0,1,0
47,wage,19600.0,1900.0,plan-backed,36000.0,24,8.0,8,1,0,1,0,0,0
32,wage,16400.0,6600.0,salary,75000.0,24,14.0,19,3,0,1,0,1,0
35,wage,46800.0,15000.0,salary,38000.0,6,14.0,10,2,0,1,1,2,0
48,wage,20200.0,400.0,salary,35000.0,18,14.0,5,2,1,1,1,0,0
45,wage,18000.0,6200.0,regular,52000.0,12,12.0,24,7,1,1,0,1,0
63,wage,36000.0,1800.0,regular,98000.0,18,12.0,21,6,2,1,1,0,0
40,wage,15900.0,2700.0,salary,103000.0,24,14.0,19,6,0,1,0,0,1
51,wage,16800.0,800.0,emergency,8000.0,6,10.0,10,3,0,0,1,1,0
57,other,22100.0,1700.0,regular,32000.0,6,12.0,13,4,1,1,0,0,1
51,wage,22000.0,4300.0,emergency,19000.0,6,10.0,23,9,0,1,0,0,0
33,informal,24700.0,4700.0,emergency,30000.0,12,10.0,13,6,0,1,1,0,0
58,other,56400.0,11800.0,regular,229000.0,36,12.0,20,5,0,1,1,0,0
49,wage,25600.0,9400.0,regular,34000.0,12,12.0,21,8,2,1,1,0,0
42,self,7500.0,900.0,regular,30000.0,36,12.0,20,5,0,0,0,0,0
53,informal,25500.0,7100.0,emergency,81000.0,6,10.0,15,2,0,0,1,0,1
58,self,22400.0,300.0,plan-backed,13000.0,6,8.0,8,0,0,1,0,0,0
64,wage,22400.0,8200.0,emergency,61000.0,12,10.0,8,2,0,0,0,0,0
54,wage,24600.0,11800.0,salary,168000.0,24,14.0,20,12,2,0,1,1,1
25,wage,21700.0,7500.0,salary,77000.0,12,14.0,10,1,0,0,1,0,0
47,wage,21500.0,10500.0,regular,41000.0,36,12.0,6,3,0,0,1,0,1
48,other,29000.0,7400.0,salary,96000.0,18,14.0,4,1,0,0,0,0,0
24,other,17200.0,1900.0,emergency,8000.0,6,10.0,15,6,0,1,0,0,0
37,wage,14400.0,5200.0,emergency,107000.0,12,10.0,23,12,2,0,0,0,1
24,self,85800.0,1800.0,regular,480000.0,18,12.0,9,4,1,1,0,0,0
38,wage,15900.0,1500.0,plan-backed,17000.0,6,8.0,16,2,1,1,0,1,1
40,informal,23000.0,1100.0,plan-backed,243000.0,60,8.0,7,3,0,1,0,0,0
40,wage,11200.0,800.0,regular,8000.0,12,12.0,9,3,0,1,0,0,0
55,other,23200.0,6300.0,regular,165000.0,18,12.0,10,1,0,0,1,1,0
36,informal,14500.0,1900.0,regular,50000.0,24,12.0,8,2,0,1,0,0,0
37,wage,18000.0,2900.0,salary,20000.0,6,14.0,21,9,0,0,1,0,0
44,wage,35200.0,5100.0,emergency,36000.0,12,10.0,22,6,2,0,1,1,0
27,informal,27200.0,1200.0,regular,161000.0,12,12.0,6,1,0,0,0,0,0
31,wage,28400.0,7500.0,salary,146000.0,18,14.0,9,1,0,0,0,0,1
49,wage,9900.0,1200.0,regular,56000.0,18,12.0,0,0,0,0,1,0,0
59,informal,50300.0,18600.0,emergency,102000.0,12,10.0,18,11,3,0,1,0,0
50,self,12900.0,2700.0,regular,16000.0,6,12.0,17,2,1,0,1,0,0
58,wage,43800.0,6300.0,emergency,84000.0,6,10.0,20,5,2,0,1,0,0
29,wage,34800.0,4900.0,emergency,77000.0,6,10.0,13,6,0,1,0,0,0
25,wage,28500.0,11300.0,regular,25000.0,6,12.0,22,3,0,1,0,0,0
57,other,15000.0,5500.0,regular,56000.0,12,12.0,3,0,0,1,0,0,1
24,wage,23600.0,7200.0,plan-backed,200000.0,36,8.0,9,2,1,1,0,0,0
60,wage,17800.0,1200.0,emergency,50000.0,12,10.0,11,6,1,1,1,0,0
39,wage,22300.0,9600.0,plan-backed,369000.0,36,8.0,19,7,0,1,1,0,0
22,other,19700.0,200.0,emergency,10000.0,6,10.0,5,2,0,0,0,0,0
51,wage,8800.0,1100.0,salary,20000.0,24,14.0,8,2,0,0,0,0,0
65,informal,36400.0,3800.0,regular,152000.0,18,12.0,2,0,0,1,1,0,0
48,self,21200.0,1300.0,salary,26000.0,6,14.0,23,7,0,0,0,0,0
57,informal,17700.0,4300.0,regular,168000.0,24,12.0,11,3,0,0,0,0,1
30,other,17100.0,1800.0,regular,107000.0,18,12.0,0,0,0,0,1,0,0
62,informal,25900.0,5800.0,regular,64000.0,12,12.0,5,4,0,0,0,1,1
45,other,14700.0,2200.0,regular,80000.0,24,12.0,14,6,0,0,0,0,0
55,wage,8000.0,1100.0,plan-backed,62000.0,48,8.0,12,3,0,1,0,0,0
21,informal,26400.0,5000.0,plan-backed,37000.0,12,8.0,12,3,0,1,0,0,0
36,wage,27800.0,7000.0,salary,28000.0,6,14.0,1,0,0,1,1,0,1
28,wage,20100.0,7200.0,regular,88000.0,18,12.0,21,7,0,1,1,0,0
62,informal,13100.0,400.0,salary,15000.0,6,14.0,20,6,2,0,0,0,0
33,other,22900.0,300.0,salary,84000.0,18,14.0,5,2,0,1,0,0,0
45,self,11400.0,900.0,regular,88000.0,18,12.0,9,5,0,1,0,0,0
53,wage,13900.0,1400.0,emergency,5000.0,6,10.0,2,0,0,0,0,0,0
32,wage,15700.0,1500.0,salary,5000.0,18,14.0,3,1,0,0,0,0,0
54,wage,32200.0,4700.0,regular,110000.0,12,12.0,21,6,1,1,0,0,0
50,wage,18700.0,8300.0,emergency,41000.0,6,10.0,2,1,0,0,0,0,1
26,wage,18000.0,4800.0,salary,11000.0,6,14.0,8,3,0,1,0,0,0
32,wage,53000.0,5900.0,regular,206000.0,24,12.0,24,6,0,1,0,0,0
28,wage,25800.0,5800.0,regular,159000.0,36,12.0,8,0,0,0,0,0,0
30,informal,25600.0,2500.0,emergency,53000.0,12,10.0,17,5,0,0,1,0,0
29,wage,18600.0,1400.0,salary,13000.0,6,14.0,2,0,0,0,1,0,0
48,other,16800.0,200.0,plan-backed,123000.0,48,8.0,21,8,0,1,1,1,0
46,self,8200.0,600.0,salary,8000.0,6,14.0,23,14,2,1,0,0,0
43,wage,34000.0,6000.0,emergency,101000.0,6,10.0,22,9,0,0,0,0,0
24,wage,26900.0,8000.0,emergency,44000.0,6,10.0,15,2,0,1,1,1,0
53,wage,20300.0,3100.0,emergency,58000.0,12,10.0,24,3,0,0,0,0,0
56,other,20700.0,8500.0,emergency,28000.0,6,10.0,17,8,1,1,0,0,0
55,wage,30600.0,14500.0,regular,49000.0,18,12.0,9,5,1,0,0,2,0
51,wage,10900.0,2400.0,salary,14000.0,6,14.0,22,6,1,1,1,0,0
47,other,16900.0,3700.0,salary,13000.0,6,14.0,6,2,1,0,1,1,0
53,other,13200.0,700.0,emergency,51000.0,12,10.0,21,6,0,0,0,1,0
37,wage,48800.0,3100.0,salary,257000.0,24,14.0,23,6,2,0,0,0,0
34,wage,32600.0,4100.0,salary,18000.0,6,14.0,11,4,1,0,0,0,0
46,wage,8200.0,800.0,regular,20000.0,6,12.0,5,1,0,1,0,1,0
45,wage,11100.0,3100.0,regular,17000.0,12,12.0,3,0,0,1,1,0,0
27,wage,20700.0,2200.0,regular,104000.0,36,12.0,13,5,0,0,0,0,0
34,self,17800.0,700.0,regular,41000.0,6,12.0,16,4,0,1,0,0,0
28,informal,12100.0,1100.0,emergency,32000.0,6,10.0,14,0,0,1,0,0,0
40,wage,52800.0,10100.0,regular,297000.0,18,12.0,16,7,1,1,0,0,0
55,self,25300.0,12700.0,regular,136000.0,12,12.0,0,0,0,1,0,0,1
25,wage,27200.0,9900.0,regular,74000.0,6,12.0,1,0,0,0,1,1,1
48,informal,16100.0,6200.0,salary,91000.0,18,14.0,6,4,0,0,0,0,1
29,self,30400.0,3500.0,salary,144000.0,18,14.0,22,12,2,0,0,0,0
46,informal,18500.0,2100.0,regular,33000.0,6,12.0,12,4,1,0,0,0,0
24,other,19400.0,1100.0,regular,269000.0,24,12.0,8,2,0,0,0,0,0
29,wage,29000.0,7900.0,regular,44000.0,6,12.0,16,6,1,1,0,0,1
48,wage,10600.0,500.0,regular,22000.0,24,12.0,10,3,0,0,1,0,0
64,wage,45100.0,7500.0,regular,51000.0,12,12.0,3,0,0,1,0,0,0
57,wage,23900.0,1300.0,regular,83000.0,12,12.0,12,5,1,1,0,1,0
65,other,39200.0,9000.0,regular,83000.0,6,12.0,17,7,1,1,0,0,0
65,wage,13600.0,5200.0,plan-backed,26000.0,60,8.0,22,6,3,1,1,1,0
46,informal,14500.0,1400.0,emergency,48000.0,12,10.0,9,3,0,0,0,0,0
51,wage,13000.0,1900.0,salary,47000.0,18,14.0,4,1,0,0,0,0,0
40,wage,24600.0,4900.0,regular,115000.0,12,12.0,21,7,1,0,0,1,0
59,wage,22700.0,5300.0,regular,54000.0,6,12.0,9,3,0,0,0,0,0
29,self,17900.0,6200.0,plan-backed,21000.0,6,8.0,3,2,1,1,0,0,0
36,self,13900.0,3200.0,regular,26000.0,18,12.0,12,8,1,1,1,0,0
63,wage,12400.0,900.0,emergency,15000.0,6,10.0,1,1,0,1,0,0,0
57,wage,21500.0,3200.0,plan-backed,197000.0,48,8.0,24,4,1,1,1,1,0
24,self,17800.0,2400.0,emergency,61000.0,12,10.0,19,10,0,1,0,0,0
31,wage,16200.0,3300.0,regular,39000.0,12,12.0,10,3,0,1,0,0,0
57,other,44100.0,4000.0,emergency,19000.0,6,10.0,13,7,0,1,0,0,0
45,wage,21200.0,5900.0,regular,71000.0,12,12.0,9,4,0,1,0,0,0
56,wage,39000.0,5700.0,regular,234000.0,24,12.0,11,2,0,1,0,0,0
37,wage,17300.0,3400.0,regular,146000.0,24,12.0,23,8,0,1,0,0,0
56,wage,24600.0,2500.0,salary,88000.0,18,14.0,18,3,0,1,0,0,0
51,wage,21500.0,1900.0,salary,49000.0,6,14.0,16,8,3,1,0,0,0
46,wage,10200.0,100.0,regular,36000.0,12,12.0,24,7,1,1,0,0,0
47,other,41800.0,8900.0,regular,150000.0,36,12.0,4,0,0,0,0,0,0
23,wage,20700.0,2000.0,salary,18000.0,12,14.0,22,10,2,1,0,0,0
56,wage,30800.0,1800.0,plan-backed,59000.0,12,8.0,4,0,0,1,0,2,0
48,wage,15700.0,7600.0,regular,8000.0,6,12.0,6,3,0,0,0,0,0
31,wage,20400.0,7500.0,regular,28000.0,6,12.0,16,2,0,0,0,0,0
25,self,14900.0,4200.0,salary,79000.0,24,14.0,3,1,0,0,0,0,1
61,wage,38400.0,8500.0,salary,43000.0,6,14.0,11,3,0,1,1,0,0
40,self,25300.0,2100.0,plan-backed,452000.0,36,8.0,8,2,0,0,0,0,1
35,wage,26000.0,6800.0,regular,14000.0,12,12.0,0,0,0,1,0,0,0
60,other,40500.0,1200.0,regular,51000.0,6,12.0,4,3,0,0,1,0,0
24,wage,37000.0,5400.0,regular,398000.0,36,12.0,11,2,0,0,0,0,0
60,informal,31000.0,11900.0,regular,190000.0,24,12.0,2,0,0,1,0,1,1
38,wage,11600.0,1800.0,salary,86000.0,24,14.0,23,9,1,1,0,0,0
56,wage,16100.0,5800.0,regular,13000.0,36,12.0,10,2,0,1,1,0,0
22,informal,14000.0,1300.0,emergency,12000.0,12,10.0,18,7,0,0,0,0,0
55,self,30500.0,1700.0,plan-backed,399000.0,36,8.0,5,3,0,0,1,0,1
50,informal,23800.0,9400.0,plan-backed,127000.0,24,8.0,13,1,0,0,0,0,1
60,wage,11800.0,4700.0,salary,12000.0,18,14.0,2,0,0,0,1,2,0
29,self,20200.0,1900.0,plan-backed,157000.0,24,8.0,4,1,0,1,0,0,0
25,informal,11200.0,700.0,regular,11000.0,6,12.0,17,4,0,1,1,0,0
54,self,21500.0,9300.0,regular,5000.0,12,12.0,8,3,0,0,1,0,0
51,wage,10400.0,4800.0,regular,31000.0,18,12.0,24,4,1,1,0,0,0
61,self,27900.0,17000.0,plan-backed,28000.0,6,8.0,24,8,0,1,1,1,1
56,self,26100.0,6300.0,plan-backed,98000.0,48,8.0,3,0,0,1,0,1,0
47,other,51900.0,8000.0,regular,379000.0,36,12.0,16,3,0,1,1,0,0
58,wage,32200.0,10500.0,regular,264000.0,18,12.0,19,4,1,0,0,0,0
50,wage,18200.0,1700.0,regular,46000.0,18,12.0,6,3,0,1,1,0,0
27,informal,31800.0,10900.0,regular,190000.0,36,12.0,21,6,0,1,0,0,0
40,wage,11700.0,4500.0,salary,17000.0,12,14.0,18,1,0,1,1,0,0
30,self,14300.0,1000.0,regular,122000.0,24,12.0,8,5,0,0,0,1,1
24,wage,25600.0,3000.0,salary,115000.0,18,14.0,2,0,0,1,0,1,0
28,wage,8300.0,5600.0,emergency,5000.0,6,10.0,11,4,0,1,0,0,0
40,self,21600.0,3500.0,regular,123000.0,24,12.0,9,3,1,1,1,0,0
46,wage,13900.0,3000.0,regular,6000.0,6,12.0,13,2,1,1,0,0,0
39,wage,23000.0,5800.0,plan-backed,19000.0,12,8.0,5,3,1,0,0,0,0
64,self,13500.0,5100.0,emergency,24000.0,12,10.0,7,5,0,1,0,0,0
38,self,26600.0,2900.0,regular,142000.0,24,12.0,22,7,2,0,1,0,0
42,informal,22200.0,2900.0,regular,252000.0,36,12.0,21,10,0,0,0,0,0
49,wage,41300.0,7300.0,plan-backed,247000.0,36,8.0,18,2,0,1,0,0,0
31,wage,22100.0,1200.0,salary,48000.0,6,14.0,8,1,0,0,1,0,0
44,other,15600.0,3200.0,salary,123000.0,24,14.0,12,7,0,1,1,0,0
31,wage,19700.0,7700.0,emergency,23000.0,6,10.0,7,0,0,1,0,0,0
61,wage,12000.0,1900.0,salary,14000.0,6,14.0,10,2,1,0,1,0,1
41,wage,26400.0,3600.0,regular,22000.0,18,12.0,12,5,1,1,0,0,0
55,wage,28700.0,3300.0,salary,37000.0,6,14.0,21,7,1,0,0,0,0
41,informal,66800.0,15800.0,regular,387000.0,18,12.0,19,6,1,1,0,0,0
53,informal,16600.0,500.0,emergency,40000.0,6,10.0,4,4,0,1,1,0,1
26,self,19500.0,200.0,plan-backed,8000.0,6,8.0,23,5,1,1,0,1,0
61,wage,17000.0,3300.0,plan-backed,356000.0,48,8.0,1,0,0,1,0,0,0
34,wage,24200.0,2800.0,emergency,32000.0,12,10.0,1,0,0,1,0,3,0
42,wage,26100.0,12500.0,emergency,49000.0,12,10.0,21,13,0,1,0,0,0
55,wage,21500.0,4600.0,salary,55000.0,12,14.0,7,1,0,0,0,0,0
62,wage,35900.0,5700.0,plan-backed,136000.0,36,8.0,21,5,1,0,0,0,0
44,wage,16700.0,11300.0,salary,54000.0,24,14.0,1,0,0,0,1,0,1
39,wage,34300.0,13500.0,regular,85000.0,12,12.0,6,2,0,0,0,0,0
42,self,28000.0,6100.0,regular,163000.0,36,12.0,20,4,1,0,0,0,0
33,self,21900.0,600.0,salary,26000.0,6,14.0,4,2,0,0,0,0,0
38,wage,19100.0,1700.0,salary,121000.0,24,14.0,12,6,3,1,0,1,0
56,wage,65600.0,9500.0,salary,146000.0,18,14.0,18,6,0,0,1,0,0
52,informal,15200.0,400.0,salary,59000.0,18,14.0,8,2,0,1,0,0,0
57,self,25200.0,4700.0,regular,84000.0,12,12.0,3,3,0,0,1,0,0
34,informal,15700.0,2400.0,regular,80000.0,18,12.0,20,4,2,0,0,0,0
39,wage,49100.0,700.0,salary,82000.0,18,14.0,15,3,0,0,0,0,0
25,informal,32800.0,1600.0,regular,160000.0,36,12.0,22,5,0,1,0,0,0
49,wage,16200.0,5600.0,salary,159000.0,24,14.0,17,7,2,1,1,1,0
52,wage,27700.0,1000.0,salary,56000.0,12,14.0,18,13,2,1,0,0,0
60,wage,24700.0,3500.0,salary,95000.0,12,14.0,15,3,0,0,0,0,0
60,wage,17400.0,900.0,regular,50000.0,12,12.0,16,5,0,0,1,0,0
22,wage,30900.0,3200.0,salary,42000.0,12,14.0,10,4,1,1,0,0,0
28,wage,26200.0,1300.0,regular,18000.0,6,12.0,23,5,0,0,0,0,0
55,informal,24200.0,5900.0,regular,6000.0,6,12.0,20,7,1,1,0,1,1
41,wage,21600.0,3200.0,regular,172000.0,24,12.0,6,2,0,0,0,1,0
36,wage,26700.0,5200.0,regular,131000.0,12,12.0,23,12,3,0,0,0,0
41,wage,24400.0,6600.0,plan-backed,20000.0,18,8.0,5,0,0,0,1,0,0
62,wage,22600.0,5100.0,plan-backed,180000.0,36,8.0,17,4,0,0,0,1,0
64,wage,16500.0,4400.0,regular,125000.0,24,12.0,23,9,1,0,0,0,0
27,wage,47100.0,7100.0,salary,58000.0,12,14.0,10,2,0,1,0,2,0
50,wage,13700.0,800.0,emergency,28000.0,12,10.0,4,3,0,0,1,0,0
49,informal,26700.0,5600.0,salary,69000.0,6,14.0,24,7,1,1,1,0,0
40,other,19000.0,4700.0,salary,23000.0,12,14.0,19,4,0,1,0,0,0
55,wage,48600.0,1100.0,emergency,39000.0,6,10.0,11,1,0,1,0,0,0
29,self,14700.0,1800.0,regular,12000.0,18,12.0,24,6,0,1,0,0,0
27,informal,15800.0,2300.0,regular,19000.0,6,12.0,2,1,0,1,0,0,0
36,other,14200.0,1200.0,emergency,19000.0,12,10.0,13,4,0,0,0,1,0
60,self,25400.0,9500.0,plan-backed,132000.0,36,8.0,4,0,0,1,0,0,1
22,informal,11900.0,5200.0,emergency,17000.0,6,10.0,4,1,0,1,1,1,1
39,informal,17700.0,9400.0,regular,194000.0,24,12.0,8,3,0,0,0,0,1
48,informal,8400.0,500.0,regular,27000.0,12,12.0,14,1,0,0,0,0,0
22,wage,24500.0,1000.0,plan-backed,128000.0,24,8.0,4,0,0,1,1,1,0
33,wage,17600.0,5500.0,regular,27000.0,6,12.0,13,4,1,0,0,0,0
50,wage,11300.0,4300.0,salary,78000.0,18,14.0,19,5,0,1,0,0,0
55,wage,35900.0,3900.0,salary,84000.0,6,14.0,3,0,0,0,0,0,0
21,wage,12200.0,400.0,regular,34000.0,6,12.0,0,0,0,0,1,0,0
51,wage,31500.0,5900.0,regular,82000.0,18,12.0,18,6,1,1,1,0,0
63,self,16000.0,4500.0,regular,49000.0,18,12.0,10,3,0,0,0,0,1
43,self,45200.0,5300.0,regular,70000.0,12,12.0,4,1,0,0,0,1,0
44,informal,30800.0,7100.0,salary,35000.0,6,14.0,21,11,3,0,0,0,1
56,wage,14000.0,2000.0,salary,27000.0,12,14.0,10,4,1,1,0,0,0
60,wage,14600.0,4700.0,regular,143000.0,36,12.0,2,1,0,1,1,0,0
34,informal,28900.0,9600.0,emergency,23000.0,12,10.0,7,1,0,0,0,0,0
51,informal,19500.0,6800.0,regular,29000.0,6,12.0,14,6,0,1,1,0,1
53,other,20400.0,6200.0,regular,135000.0,36,12.0,7,0,0,0,0,1,1
63,informal,39000.0,19400.0,salary,154000.0,12,14.0,23,9,2,1,0,0,1
39,informal,15700.0,2900.0,salary,42000.0,18,14.0,15,6,0,1,0,0,0
45,wage,22900.0,3600.0,salary,52000.0,6,14.0,1,0,0,1,0,0,0
38,wage,33800.0,4800.0,regular,78000.0,12,12.0,8,0,0,0,1,0,0
35,wage,31700.0,4300.0,emergency,66000.0,12,10.0,8,3,0,1,0,0,0
36,self,20500.0,9700.0,regular,39000.0,12,12.0,3,0,0,1,1,0,0
24,other,19300.0,3700.0,plan-backed,23000.0,12,8.0,0,0,0,0,1,0,0
54,wage,10100.0,3200.0,salary,5000.0,6,14.0,2,0,0,0,1,0,0
32,self,13700.0,1400.0,plan-backed,239000.0,60,8.0,17,5,0,1,0,0,0
47,wage,25400.0,8400.0,regular,82000.0,36,12.0,6,1,0,1,0,1,0
61,wage,20700.0,4900.0,emergency,9000.0,6,10.0,10,2,0,0,0,2,0
40,wage,22800.0,2000.0,salary,123000.0,24,14.0,3,3,0,1,0,0,0
65,wage,35100.0,13100.0,regular,311000.0,36,12.0,23,7,0,0,0,0,0
23,other,12900.0,600.0,emergency,10000.0,6,10.0,24,11,1,1,1,0,0
22,wage,19800.0,1000.0,emergency,54000.0,12,10.0,17,7,0,0,0,1,0
36,informal,23900.0,8300.0,plan-backed,67000.0,12,8.0,8,3,1,1,1,0,1
32,self,16000.0,1700.0,regular,87000.0,12,12.0,15,4,2,1,1,0,1
55,wage,41900.0,9500.0,plan-backed,500000.0,48,8.0,9,3,0,1,0,0,0
30,wage,33100.0,1800.0,regular,192000.0,12,12.0,22,14,2,1,0,0,0
58,informal,25100.0,1500.0,emergency,24000.0,6,10.0,15,6,1,0,0,0,0
44,wage,49300.0,6100.0,emergency,123000.0,6,10.0,3,3,0,1,0,0,0
31,informal,11200.0,700.0,regular,16000.0,6,12.0,2,0,0,1,0,0,0
41,wage,21900.0,1500.0,plan-backed,243000.0,48,8.0,19,7,1,0,0,0,0
49,self,25900.0,4800.0,plan-backed,37000.0,36,8.0,18,2,0,1,0,1,0
65,informal,14600.0,6200.0,plan-backed,194000.0,60,8.0,18,6,1,0,1,1,0
23,wage,25200.0,3200.0,plan-backed,63000.0,24,8.0,8,3,0,0,1,0,0
36,wage,13400.0,1100.0,salary,7000.0,6,14.0,16,3,0,0,0,0,0
41,other,30000.0,7500.0,emergency,16000.0,6,10.0,6,2,0,0,0,0,0
47,wage,35400.0,6700.0,salary,37000.0,12,14.0,15,5,1,1,0,0,0
60,wage,24900.0,4200.0,regular,218000.0,36,12.0,8,2,1,0,0,2,0
56,wage,9600.0,800.0,salary,24000.0,6,14.0,3,0,0,1,0,0,0
43,wage,14200.0,1900.0,emergency,66000.0,12,10.0,20,12,1,0,0,0,0
21,informal,28400.0,8100.0,salary,27000.0,6,14.0,20,5,0,1,0,0,0
31,informal,22200.0,3700.0,regular,106000.0,36,12.0,19,9,0,1,0,2,0
56,wage,6500.0,200.0,regular,13000.0,24,12.0,15,5,0,0,0,0,0
42,informal,38500.0,13800.0,regular,194000.0,18,12.0,15,6,1,0,0,1,1
52,wage,23400.0,5000.0,regular,62000.0,12,12.0,19,7,0,1,1,0,0
52,wage,15200.0,1300.0,regular,79000.0,12,12.0,14,3,0,1,1,0,0
61,self,34400.0,4100.0,regular,107000.0,12,12.0,21,4,2,0,0,1,0
33,other,16200.0,5300.0,regular,30000.0,18,12.0,19,9,0,0,1,0,0
64,wage,16100.0,1000.0,emergency,103000.0,12,10.0,13,3,0,0,1,2,0
53,wage,25800.0,4300.0,regular,128000.0,12,12.0,14,13,2,1,1,1,0
46,wage,49000.0,14200.0,salary,312000.0,18,14.0,23,5,0,1,0,1,1
27,informal,45700.0,7900.0,regular,356000.0,18,12.0,12,3,0,1,0,0,0
54,wage,25900.0,4200.0,emergency,29000.0,12,10.0,2,2,0,1,0,0,0
63,wage,27100.0,2000.0,regular,201000.0,24,12.0,21,12,2,0,0,0,0
65,self,31400.0,6800.0,emergency,91000.0,6,10.0,0,0,0,1,1,0,0
32,wage,12500.0,2400.0,emergency,16000.0,6,10.0,6,1,0,1,0,0,0
58,wage,29400.0,500.0,emergency,121000.0,12,10.0,8,2,0,1,1,0,0
63,wage,15800.0,4000.0,regular,15000.0,6,12.0,0,0,0,0,0,1,1
47,wage,25400.0,9900.0,emergency,114000.0,12,10.0,5,0,0,1,0,0,0
24,wage,19900.0,8400.0,regular,197000.0,24,12.0,4,3,0,1,1,0,0
27,informal,27600.0,3400.0,emergency,64000.0,12,10.0,13,1,0,0,0,0,0
52,self,23200.0,3000.0,regular,17000.0,6,12.0,22,4,1,0,0,0,0
37,self,6000.0,2000.0,salary,5000.0,6,14.0,7,3,0,0,0,0,0
44,other,23800.0,4000.0,regular,162000.0,24,12.0,9,3,0,1,0,0,0
60,wage,29400.0,3100.0,salary,68000.0,24,14.0,17,5,0,1,1,1,0
48,wage,26900.0,13500.0,regular,87000.0,12,12.0,16,8,1,0,0,1,0
24,informal,21000.0,600.0,regular,46000.0,18,12.0,23,8,0,1,0,1,0
39,wage,46100.0,17500.0,regular,436000.0,36,12.0,13,3,0,0,0,1,1
60,self,25300.0,2600.0,regular,181000.0,36,12.0,19,6,0,0,1,0,0
58,informal,26800.0,6600.0,emergency,76000.0,12,10.0,21,11,1,1,0,0,0
49,wage,35200.0,5100.0,salary,22000.0,18,14.0,10,7,0,0,0,0,0
42,wage,25900.0,7000.0,salary,108000.0,24,14.0,20,5,1,0,1,1,0
57,wage,14700.0,2600.0,regular,101000.0,24,12.0,24,7,0,0,1,0,0
45,wage,7300.0,1100.0,regular,23000.0,18,12.0,2,2,0,1,0,1,0
39,wage,17700.0,3500.0,salary,60000.0,18,14.0,19,9,0,1,0,0,0
28,wage,31000.0,7000.0,regular,31000.0,12,12.0,15,7,3,1,1,0,0
34,informal,18800.0,2000.0,regular,168000.0,36,12.0,20,8,1,0,0,1,0
56,informal,31500.0,3800.0,salary,43000.0,6,14.0,13,1,0,1,0,0,0
64,informal,23500.0,8300.0,regular,17000.0,12,12.0,5,4,1,0,0,0,0
47,wage,39300.0,3700.0,regular,101000.0,12,12.0,10,3,0,0,1,0,0
47,wage,19300.0,2600.0,regular,62000.0,12,12.0,17,6,0,0,0,0,0
50,wage,27200.0,7500.0,emergency,67000.0,12,10.0,22,6,1,1,0,0,0
51,wage,27600.0,8400.0,regular,113000.0,24,12.0,1,1,0,0,1,0,1
48,other,43200.0,16700.0,salary,242000.0,24,14.0,4,0,0,1,1,0,0
62,wage,10200.0,900.0,regular,27000.0,18,12.0,5,5,1,0,0,0,0
60,wage,17900.0,3200.0,regular,100000.0,24,12.0,14,7,2,1,1,1,0
42,informal,32200.0,7700.0,regular,244000.0,18,12.0,0,0,0,1,0,0,1
33,wage,44100.0,13100.0,salary,79000.0,6,14.0,23,6,0,0,0,0,0
24,wage,24500.0,1300.0,regular,82000.0,24,12.0,17,7,0,1,0,0,0
47,wage,19300.0,700.0,salary,26000.0,6,14.0,22,11,1,0,0,1,0
32,self,30900.0,1400.0,regular,108000.0,18,12.0,0,0,0,1,0,0,0
29,informal,32500.0,8800.0,regular,256000.0,36,12.0,6,2,0,1,0,0,1
49,wage,18700.0,4400.0,regular,34000.0,24,12.0,11,4,0,1,1,0,0
54,informal,25500.0,4700.0,emergency,38000.0,12,10.0,19,5,0,1,0,0,0
55,informal,37400.0,1200.0,emergency,48000.0,6,10.0,16,4,0,0,0,0,0
38,informal,51500.0,26500.0,salary,500000.0,24,14.0,10,3,0,1,1,0,0
43,wage,30700.0,6300.0,plan-backed,260000.0,60,8.0,7,3,0,0,0,1,0
41,wage,22400.0,3900.0,salary,128000.0,12,14.0,8,3,0,0,0,0,0
49,informal,21500.0,5000.0,emergency,29000.0,6,10.0,9,2,0,0,0,0,1
37,wage,28300.0,4600.0,emergency,26000.0,12,10.0,17,2,0,0,0,0,0
51,self,20900.0,1900.0,emergency,67000.0,12,10.0,21,8,0,1,0,0,0
30,informal,24000.0,1700.0,regular,209000.0,36,12.0,11,6,1,1,1,1,0
22,wage,13700.0,3700.0,salary,78000.0,24,14.0,22,9,1,0,0,0,1
41,informal,39400.0,6400.0,salary,43000.0,6,14.0,7,0,0,0,1,0,0
42,other,13200.0,3200.0,regular,26000.0,12,12.0,21,7,1,0,0,0,0
46,self,18100.0,5400.0,plan-backed,200000.0,60,8.0,0,0,0,1,1,0,0
60,wage,23000.0,6900.0,salary,12000.0,12,14.0,18,10,1,0,0,0,0
35,informal,53900.0,19800.0,regular,112000.0,18,12.0,23,9,0,0,0,0,0
23,wage,18200.0,3800.0,plan-backed,136000.0,18,8.0,6,3,0,1,1,0,0
33,self,16300.0,4200.0,regular,42000.0,12,12.0,17,2,1,0,1,0,0
51,informal,17200.0,7400.0,regular,78000.0,18,12.0,1,0,0,1,0,0,1
64,self,46400.0,4800.0,regular,104000.0,12,12.0,21,5,0,1,1,0,1
45,wage,6200.0,400.0,emergency,5000.0,6,10.0,12,4,1,1,1,0,0
33,wage,14000.0,4600.0,regular,24000.0,12,12.0,10,4,1,0,0,0,0
53,wage,75200.0,24100.0,plan-backed,200000.0,6,8.0,23,8,1,0,0,0,0
33,wage,28700.0,800.0,regular,37000.0,24,12.0,23,6,0,1,1,0,0
61,wage,13400.0,1900.0,regular,229000.0,36,12.0,5,1,0,0,1,0,0
27,self,21600.0,3900.0,emergency,51000.0,6,10.0,23,5,2,0,0,0,0
60,wage,22700.0,7900.0,regular,74000.0,12,12.0,5,1,0,0,0,0,1
47,informal,32200.0,6900.0,salary,168000.0,18,14.0,20,10,3,0,1,0,0
58,informal,50300.0,4000.0,regular,177000.0,18,12.0,19,5,1,0,0,0,0
49,wage,26200.0,10300.0,plan-backed,266000.0,24,8.0,12,3,0,1,1,0,0
40,self,17300.0,5800.0,salary,100000.0,18,14.0,14,4,1,1,1,1,0
51,self,31400.0,1300.0,regular,32000.0,24,12.0,9,2,0,1,0,0,0
29,wage,16100.0,8400.0,regular,17000.0,6,12.0,10,3,0,1,0,0,0
35,wage,13800.0,3500.0,regular,18000.0,6,12.0,12,5,0,1,0,0,0
53,informal,10000.0,3300.0,plan-backed,13000.0,6,8.0,21,12,2,1,0,0,1
22,other,10900.0,2400.0,salary,27000.0,6,14.0,12,3,0,1,0,1,0
54,self,14700.0,3300.0,regular,54000.0,36,12.0,14,4,0,1,1,1,0
25,informal,12900.0,3400.0,regular,31000.0,24,12.0,17,8,0,1,0,0,0
27,other,25300.0,7500.0,salary,187000.0,18,14.0,23,7,0,0,0,0,0
25,wage,12800.0,4600.0,regular,31000.0,24,12.0,21,8,1,0,0,0,0
54,self,6000.0,1300.0,salary,7000.0,6,14.0,9,1,0,0,0,1,0
21,wage,13800.0,2800.0,salary,9000.0,6,14.0,21,7,2,1,1,0,0
54,other,17800.0,2000.0,regular,117000.0,24,12.0,11,6,1,0,0,1,0
58,wage,16800.0,800.0,emergency,29000.0,6,10.0,2,0,0,1,0,0,0
45,wage,43600.0,13900.0,regular,105000.0,18,12.0,1,1,0,1,0,0,0
25,informal,16700.0,4300.0,regular,63000.0,24,12.0,5,3,0,1,0,0,1
59,wage,32700.0,12000.0,plan-backed,39000.0,6,8.0,9,3,0,0,1,0,0
31,informal,21800.0,9800.0,salary,87000.0,24,14.0,10,0,0,1,0,0,1
61,wage,21600.0,2300.0,salary,119000.0,18,14.0,4,1,0,0,0,0,1
48,other,15100.0,500.0,emergency,10000.0,6,10.0,4,2,1,1,0,2,1
29,informal,21400.0,2600.0,regular,100000.0,18,12.0,0,0,0,1,0,0,1
25,wage,15600.0,1300.0,salary,5000.0,6,14.0,22,7,0,0,0,1,0
28,informal,23700.0,10600.0,emergency,48000.0,6,10.0,6,4,0,1,1,0,0
46,wage,19800.0,3300.0,regular,50000.0,12,12.0,16,6,1,0,0,0,0
25,self,14400.0,9900.0,regular,26000.0,36,12.0,12,0,0,0,1,0,0
41,self,34400.0,7900.0,emergency,40000.0,6,10.0,9,5,1,0,1,1,0
62,informal,26700.0,7300.0,salary,54000.0,12,14.0,6,1,0,0,0,0,0
65,wage,18000.0,5500.0,regular,28000.0,6,12.0,1,0,0,1,0,1,0
28,wage,23500.0,400.0,salary,6000.0,12,14.0,2,0,0,1,0,0,0
49,self,21200.0,0.0,regular,56000.0,6,12.0,16,8,0,1,0,0,0
45,self,14900.0,1100.0,regular,24000.0,12,12.0,11,3,0,0,0,0,0
42,wage,22700.0,5200.0,regular,33000.0,24,12.0,24,6,1,0,1,0,0
25,wage,16600.0,2700.0,salary,57000.0,24,14.0,3,0,0,1,0,0,0
38,wage,14400.0,1400.0,regular,29000.0,12,12.0,23,6,0,1,0,0,0
47,informal,10600.0,3400.0,emergency,16000.0,12,10.0,2,1,0,0,1,0,0
50,wage,18700.0,2200.0,regular,50000.0,24,12.0,18,6,0,0,0,0,0
40,wage,28400.0,900.0,salary,25000.0,24,14.0,24,7,2,1,0,1,0
62,other,16100.0,2200.0,salary,96000.0,24,14.0,3,1,0,1,1,0,0
31,wage,68400.0,5200.0,regular,47000.0,12,12.0,11,3,0,1,0,0,0
45,self,32800.0,6900.0,plan-backed,169000.0,36,8.0,23,8,0,1,1,0,0
51,wage,39600.0,2900.0,regular,324000.0,24,12.0,20,6,1,1,0,0,0
30,informal,31500.0,12500.0,regular,43000.0,12,12.0,5,0,0,0,1,0,0
42,self,50600.0,15500.0,emergency,160000.0,12,10.0,4,1,0,1,1,0,0
25,informal,15400.0,1300.0,salary,28000.0,12,14.0,8,1,0,0,0,0,0
43,wage,6900.0,300.0,regular,24000.0,12,12.0,11,7,1,1,1,0,0
50,wage,18000.0,3600.0,emergency,34000.0,6,10.0,7,5,1,0,0,0,0
64,informal,28300.0,1700.0,regular,54000.0,6,12.0,2,1,0,1,0,0,0
22,wage,23600.0,4800.0,emergency,115000.0,12,10.0,12,4,0,1,0,0,0
35,wage,24900.0,900.0,salary,60000.0,24,14.0,10,3,0,1,0,0,0
34,wage,39900.0,10600.0,plan-backed,232000.0,36,8.0,7,4,0,0,1,0,0
65,other,26100.0,10400.0,emergency,46000.0,6,10.0,20,5,0,0,0,0,0
60,self,31500.0,4200.0,emergency,13000.0,6,10.0,7,0,0,0,1,0,0
58,self,14400.0,800.0,emergency,31000.0,12,10.0,22,9,0,1,0,0,0
59,self,13400.0,600.0,regular,10000.0,6,12.0,0,0,0,0,0,0,0
28,wage,45500.0,11700.0,regular,422000.0,18,12.0,12,2,0,0,0,0,0
29,wage,23000.0,500.0,plan-backed,500000.0,60,8.0,23,12,1,1,0,1,0
36,wage,16600.0,2100.0,regular,9000.0,6,12.0,7,2,0,1,0,0,0
51,self,16600.0,500.0,salary,93000.0,18,14.0,16,4,1,1,1,0,0
35,wage,16400.0,300.0,regular,80000.0,36,12.0,18,8,2,0,1,0,0
57,informal,16000.0,0.0,salary,78000.0,12,14.0,8,1,0,0,1,0,0
53,informal,12300.0,3100.0,regular,93000.0,36,12.0,15,4,0,0,0,1,0
52,wage,11200.0,700.0,plan-backed,107000.0,48,8.0,16,4,0,1,0,0,0
32,self,20200.0,2000.0,salary,46000.0,12,14.0,11,4,0,0,1,0,0
44,wage,16800.0,4100.0,regular,24000.0,12,12.0,9,4,0,1,0,0,0
33,other,36200.0,7300.0,salary,148000.0,18,14.0,11,5,1,1,1,1,0
48,informal,25100.0,6600.0,emergency,122000.0,12,10.0,3,1,0,1,0,0,0
54,informal,24800.0,3000.0,regular,76000.0,18,12.0,12,4,0,0,1,1,0
41,wage,15700.0,3400.0,regular,30000.0,6,12.0,8,5,1,0,0,0,1
55,wage,20800.0,9200.0,salary,152000.0,18,14.0,8,0,0,1,1,0,1
34,wage,25900.0,9200.0,salary,77000.0,6,14.0,6,2,0,1,0,1,1
54,wage,30400.0,7400.0,regular,43000.0,6,12.0,12,0,0,0,1,1,0
30,wage,21100.0,1200.0,salary,12000.0,6,14.0,0,0,0,0,0,0,0
43,wage,35800.0,8300.0,regular,287000.0,18,12.0,1,0,0,1,1,0,0
60,other,22100.0,3500.0,regular,37000.0,6,12.0,5,3,0,0,1,0,0
54,wage,31400.0,3200.0,emergency,35000.0,6,10.0,14,3,1,0,0,0,0
42,wage,17600.0,1500.0,regular,33000.0,12,12.0,6,1,0,1,0,0,0
47,informal,9700.0,2200.0,regular,8000.0,18,12.0,12,5,0,0,0,0,0
49,self,24800.0,3000.0,emergency,97000.0,12,10.0,3,1,0,0,0,0,0
59,informal,30500.0,8700.0,regular,69000.0,18,12.0,10,2,0,1,1,0,0
34,self,28500.0,3500.0,regular,82000.0,18,12.0,11,2,0,1,0,1,0
52,informal,26600.0,8800.0,salary,36000.0,6,14.0,8,1,0,0,1,0,0
63,self,18800.0,1000.0,emergency,59000.0,6,10.0,1,0,0,1,0,1,0
48,wage,15300.0,4500.0,salary,101000.0,24,14.0,15,5,0,0,0,0,0
53,self,28200.0,8500.0,emergency,111000.0,12,10.0,5,1,0,0,0,0,1
48,wage,26700.0,11900.0,emergency,55000.0,6,10.0,12,5,1,0,0,0,0
62,wage,17100.0,1700.0,regular,66000.0,18,12.0,17,8,0,0,1,0,0
34,wage,36200.0,12300.0,salary,21000.0,6,14.0,2,1,0,0,1,0,0
63,wage,14800.0,5200.0,regular,14000.0,6,12.0,16,3,1,1,1,0,0
47,informal,16900.0,2400.0,regular,78000.0,12,12.0,9,6,1,1,0,0,1
48,wage,45900.0,5000.0,salary,177000.0,18,14.0,12,7,0,0,0,1,0
64,wage,32500.0,8700.0,salary,80000.0,18,14.0,1,2,0,1,0,1,0
23,wage,18700.0,2300.0,emergency,117000.0,12,10.0,12,3,1,0,1,0,0
63,informal,25000.0,12600.0,regular,51000.0,6,12.0,9,3,0,1,1,0,1
63,wage,23600.0,1900.0,regular,44000.0,6,12.0,4,2,0,0,1,1,0
26,self,6400.0,2000.0,emergency,19000.0,12,10.0,13,4,0,0,0,0,0
49,informal,14600.0,900.0,salary,50000.0,24,14.0,16,4,1,0,1,0,1
38,wage,21500.0,5000.0,emergency,64000.0,12,10.0,9,0,0,1,0,0,0
30,informal,18700.0,4100.0,regular,80000.0,24,12.0,15,4,1,0,0,1,1
31,wage,24600.0,6400.0,regular,31000.0,6,12.0,8,4,0,0,0,0,1
21,wage,36600.0,7000.0,emergency,21000.0,12,10.0,20,4,0,1,1,0,0
55,self,19000.0,6900.0,salary,147000.0,24,14.0,7,1,0,0,0,0,0
33,informal,13700.0,6200.0,regular,64000.0,18,12.0,19,12,2,1,1,2,1
46,wage,25500.0,1200.0,regular,81000.0,12,12.0,9,0,0,1,0,1,0
39,self,19000.0,6500.0,regular,122000.0,24,12.0,13,7,0,1,1,0,0
60,wage,20500.0,400.0,regular,222000.0,24,12.0,1,1,0,1,1,0,0
27,self,19300.0,1000.0,emergency,45000.0,12,10.0,1,1,0,0,0,0,0
26,self,60300.0,5000.0,regular,40000.0,6,12.0,24,7,4,0,0,1,0
53,self,8000.0,900.0,emergency,37000.0,12,10.0,0,0,0,1,0,0,0
48,self,18500.0,4300.0,salary,69000.0,18,14.0,13,2,0,1,0,0,0
46,wage,22000.0,2100.0,plan-backed,91000.0,18,8.0,11,4,0,0,0,2,0
42,self,15500.0,2100.0,plan-backed,37000.0,48,8.0,15,3,0,1,0,1,0
45,self,33000.0,12300.0,regular,67000.0,6,12.0,0,0,0,0,0,1,0
47,self,31700.0,8100.0,regular,36000.0,6,12.0,4,1,0,0,1,1,0
63,wage,21500.0,3800.0,regular,175000.0,24,12.0,8,2,0,1,0,0,0
57,wage,19500.0,3700.0,salary,25000.0,6,14.0,23,8,0,0,1,0,0
61,wage,20900.0,1100.0,regular,95000.0,18,12.0,8,2,0,1,1,0,1
59,wage,21000.0,3700.0,regular,24000.0,12,12.0,14,5,0,0,1,0,0
31,wage,21200.0,300.0,regular,61000.0,24,12.0,14,3,0,1,1,0,0
21,wage,20200.0,2100.0,regular,52000.0,6,12.0,10,7,0,0,1,0,0
45,self,24600.0,2400.0,salary,67000.0,12,14.0,20,5,0,0,0,0,0
59,wage,30900.0,15500.0,salary,216000.0,24,14.0,17,12,0,0,0,0,0
39,informal,12600.0,3600.0,emergency,5000.0,6,10.0,11,2,0,0,1,1,0
65,wage,13700.0,3100.0,plan-backed,95000.0,36,8.0,7,2,0,0,0,1,0
32,informal,10000.0,1400.0,regular,66000.0,36,12.0,6,2,0,1,0,1,0
55,wage,32500.0,3300.0,regular,85000.0,24,12.0,23,8,0,0,0,0,0
26,wage,24600.0,300.0,regular,82000.0,24,12.0,3,1,0,1,0,0,0
29,self,27600.0,5200.0,salary,57000.0,24,14.0,4,3,1,0,0,0,0
61,informal,11600.0,1900.0,emergency,30000.0,12,10.0,6,1,0,1,0,0,1
34,wage,49100.0,5000.0,regular,313000.0,36,12.0,20,6,1,0,0,0,0
63,wage,16700.0,6500.0,plan-backed,73000.0,24,8.0,17,6,1,1,0,2,1
25,self,23700.0,4000.0,regular,169000.0,36,12.0,24,8,1,1,0,0,0
61,self,32300.0,4900.0,regular,88000.0,24,12.0,18,4,0,0,0,1,0
65,wage,14100.0,1400.0,emergency,27000.0,6,10.0,12,2,0,0,0,0,0
65,wage,17200.0,5200.0,plan-backed,68000.0,24,8.0,1,0,0,0,0,0,0
39,wage,23800.0,700.0,salary,40000.0,12,14.0,21,12,1,1,0,0,0
41,informal,79600.0,4100.0,plan-backed,377000.0,18,8.0,16,6,0,0,0,0,0
61,wage,25200.0,9200.0,regular,71000.0,12,12.0,1,0,0,1,0,1,1
27,wage,45300.0,8400.0,emergency,109000.0,6,10.0,24,6,1,0,0,0,0
55,other,37800.0,5800.0,salary,96000.0,12,14.0,15,1,0,1,0,1,0
25,wage,26000.0,2500.0,emergency,58000.0,12,10.0,15,5,0,0,0,0,0
36,wage,14100.0,3400.0,regular,13000.0,12,12.0,8,1,0,1,0,0,0
56,wage,35400.0,12400.0,plan-backed,133000.0,24,8.0,8,1,0,1,1,0,0
32,wage,11200.0,3400.0,regular,28000.0,6,12.0,9,5,1,0,0,1,0
24,wage,45200.0,9600.0,regular,125000.0,12,12.0,1,2,0,1,0,3,0
41,wage,24100.0,8600.0,salary,68000.0,12,14.0,11,2,0,0,1,2,0
50,informal,6700.0,400.0,plan-backed,89000.0,60,8.0,1,0,0,1,1,0,0
36,self,18900.0,1000.0,plan-backed,92000.0,24,8.0,14,4,1,1,0,1,0
50,wage,29500.0,9200.0,salary,48000.0,6,14.0,5,2,0,1,1,0,0
46,self,19800.0,2500.0,regular,15000.0,12,12.0,15,4,2,1,1,1,0
52,wage,30300.0,4500.0,plan-backed,161000.0,48,8.0,9,4,0,1,1,0,0
22,other,15000.0,1500.0,regular,16000.0,6,12.0,6,0,0,0,1,0,0
29,wage,12200.0,2400.0,salary,37000.0,6,14.0,3,1,0,1,1,0,0
49,self,21300.0,1100.0,regular,47000.0,12,12.0,9,3,0,1,0,1,0
39,wage,22300.0,7600.0,salary,41000.0,12,14.0,1,0,0,1,0,1,0
60,self,18800.0,2200.0,emergency,25000.0,6,10.0,6,3,0,0,0,0,0
33,wage,38200.0,2900.0,salary,57000.0,6,14.0,11,3,0,1,0,0,0
31,informal,15000.0,3300.0,regular,103000.0,24,12.0,15,7,0,0,1,0,0
22,wage,25300.0,7300.0,regular,49000.0,12,12.0,11,4,1,0,0,1,0
36,informal,22700.0,3000.0,regular,100000.0,24,12.0,2,1,0,1,0,0,0
24,wage,10900.0,1200.0,regular,14000.0,18,12.0,18,8,1,0,0,0,0
62,informal,12200.0,6000.0,salary,18000.0,6,14.0,10,2,0,0,1,0,0
43,informal,22100.0,200.0,regular,89000.0,18,12.0,15,8,0,0,0,0,0
52,other,53700.0,11600.0,emergency,45000.0,6,10.0,24,8,0,1,0,1,0
48,wage,28600.0,700.0,regular,118000.0,24,12.0,1,0,0,0,0,0,1
21,wage,10100.0,4600.0,regular,51000.0,12,12.0,24,8,0,0,0,1,0
46,wage,6000.0,1100.0,emergency,5000.0,6,10.0,23,9,1,1,1,1,0
39,wage,30600.0,2400.0,regular,59000.0,6,12.0,12,5,0,0,0,1,0
57,self,21100.0,1200.0,regular,65000.0,12,12.0,0,0,0,0,1,0,0
26,other,36800.0,9200.0,regular,209000.0,12,12.0,6,6,0,0,1,0,0
40,other,14800.0,1400.0,regular,42000.0,12,12.0,5,1,0,0,0,0,0
31,wage,25800.0,400.0,emergency,23000.0,12,10.0,14,5,1,1,0,1,0
37,self,32200.0,18100.0,regular,152000.0,12,12.0,17,3,0,0,0,0,1
55,informal,18000.0,7300.0,regular,32000.0,6,12.0,12,5,0,1,0,0,0
25,other,18200.0,200.0,salary,108000.0,18,14.0,8,4,1,0,0,0,0
24,wage,22300.0,5900.0,emergency,25000.0,6,10.0,1,0,0,0,0,0,1
56,wage,28100.0,2900.0,emergency,24000.0,6,10.0,23,9,1,0,1,2,0
35,informal,21900.0,3100.0,regular,249000.0,24,12.0,24,10,1,1,1,0,0
23,wage,34100.0,5200.0,plan-backed,47000.0,6,8.0,0,0,0,1,1,1,0
28,wage,17900.0,2700.0,regular,202000.0,18,12.0,8,6,2,0,0,0,0
24,other,12100.0,900.0,regular,14000.0,6,12.0,24,9,1,1,1,0,0
55,other,53600.0,100.0,plan-backed,106000.0,6,8.0,9,5,1,1,1,0,0
56,informal,16800.0,1100.0,salary,27000.0,6,14.0,15,4,1,0,0,0,0
38,informal,17000.0,2800.0,emergency,24000.0,6,10.0,12,6,2,1,1,0,0
44,wage,21400.0,2400.0,salary,32000.0,12,14.0,15,3,0,0,0,0,0
42,wage,22700.0,6200.0,regular,81000.0,36,12.0,22,4,0,0,0,2,1
39,wage,18500.0,5700.0,salary,128000.0,24,14.0,9,2,0,0,0,1,0
27,self,21800.0,10100.0,salary,58000.0,6,14.0,19,7,0,1,0,0,0
26,wage,21600.0,2400.0,regular,147000.0,36,12.0,11,4,0,1,0,1,1
61,self,23800.0,5900.0,regular,139000.0,24,12.0,5,3,0,1,0,0,1
31,wage,7600.0,1600.0,regular,50000.0,18,12.0,1,0,0,1,0,0,0
60,self,51300.0,14200.0,plan-backed,267000.0,48,8.0,17,6,1,0,1,0,0
54,wage,20600.0,4500.0,regular,189000.0,18,12.0,15,9,1,1,0,0,1
56,wage,28600.0,2800.0,regular,160000.0,12,12.0,21,6,0,0,0,2,0
31,wage,11800.0,200.0,salary,85000.0,18,14.0,5,3,1,1,0,0,1
58,wage,17800.0,800.0,salary,22000.0,18,14.0,17,5,0,0,1,1,0
45,informal,16300.0,300.0,regular,77000.0,24,12.0,0,0,0,1,0,0,0
65,wage,42600.0,13300.0,salary,53000.0,6,14.0,3,1,0,0,0,0,0
63,wage,16900.0,7700.0,emergency,8000.0,12,10.0,14,4,1,0,0,1,0
45,informal,30900.0,9300.0,salary,21000.0,12,14.0,13,4,0,1,0,1,0
44,self,16400.0,1200.0,regular,52000.0,36,12.0,14,7,2,0,0,0,0
60,wage,17900.0,5500.0,regular,39000.0,12,12.0,20,13,0,1,1,0,0
46,wage,19700.0,4400.0,emergency,22000.0,6,10.0,20,4,0,1,0,0,0
60,wage,39200.0,12900.0,regular,500000.0,36,12.0,4,0,0,0,0,0,1
59,self,9400.0,4500.0,emergency,5000.0,12,10.0,5,1,0,1,1,0,0
42,wage,12200.0,1600.0,regular,59000.0,12,12.0,13,3,0,1,1,0,0
65,wage,9200.0,400.0,salary,5000.0,6,14.0,23,9,0,1,1,0,0
28,wage,13500.0,2000.0,salary,12000.0,6,14.0,16,2,0,0,0,0,0
39,self,15300.0,2500.0,salary,33000.0,6,14.0,3,1,0,0,1,1,0
46,wage,10600.0,1200.0,plan-backed,63000.0,60,8.0,15,8,0,1,0,0,0
58,informal,15800.0,2000.0,plan-backed,19000.0,12,8.0,8,3,0,1,1,0,0
56,wage,8900.0,2500.0,regular,7000.0,6,12.0,2,0,0,1,0,0,0
24,self,13900.0,300.0,regular,74000.0,36,12.0,17,7,0,0,0,1,0
51,wage,37800.0,5800.0,salary,235000.0,24,14.0,6,2,0,1,0,0,0
31,wage,26400.0,7900.0,plan-backed,123000.0,12,8.0,19,7,1,1,1,0,0
53,wage,23900.0,10300.0,plan-backed,89000.0,36,8.0,13,4,0,0,1,1,0
58,informal,14000.0,2400.0,salary,87000.0,18,14.0,11,5,1,1,1,0,1
29,informal,11000.0,1200.0,regular,49000.0,18,12.0,5,1,0,1,0,0,0
36,wage,13200.0,1400.0,plan-backed,14000.0,18,8.0,7,5,0,0,1,1,0
25,wage,21600.0,100.0,plan-backed,187000.0,48,8.0,8,1,0,0,0,0,0
27,informal,32500.0,1100.0,salary,243000.0,24,14.0,17,10,1,1,0,0,1
34,wage,33000.0,10300.0,salary,161000.0,18,14.0,10,2,0,0,1,0,0
29,wage,29200.0,8000.0,emergency,134000.0,12,10.0,0,0,0,0,0,0,1
45,wage,15800.0,1100.0,plan-backed,25000.0,6,8.0,0,0,0,0,0,0,0
31,self,22200.0,4000.0,regular,219000.0,24,12.0,6,0,0,0,1,0,1
30,self,19000.0,2900.0,salary,60000.0,24,14.0,12,4,2,1,1,0,1
63,self,20100.0,0.0,regular,92000.0,18,12.0,8,10,1,0,1,0,0
29,other,55000.0,9000.0,regular,500000.0,36,12.0,24,6,0,1,0,0,0
51,wage,10000.0,3100.0,regular,56000.0,12,12.0,5,1,0,1,1,0,0
65,wage,19800.0,4800.0,emergency,36000.0,12,10.0,10,6,1,1,0,0,0
63,wage,38000.0,17500.0,regular,111000.0,36,12.0,9,2,0,0,0,0,1
54,wage,11400.0,1500.0,plan-backed,106000.0,36,8.0,6,0,0,0,0,0,0
60,wage,16500.0,3800.0,emergency,17000.0,12,10.0,22,7,1,0,1,0,0
37,wage,17300.0,3000.0,salary,12000.0,18,14.0,6,2,0,0,0,0,0
62,wage,19900.0,2900.0,regular,37000.0,12,12.0,0,0,0,1,1,0,0
26,self,10700.0,600.0,regular,61000.0,18,12.0,12,2,1,1,0,0,0
38,wage,28800.0,4300.0,salary,47000.0,24,14.0,15,6,1,1,0,0,0
27,wage,29700.0,8400.0,salary,33000.0,6,14.0,11,7,1,1,0,0,0
48,self,27700.0,11900.0,emergency,29000.0,6,10.0,10,2,0,0,0,0,0
38,self,14900.0,2500.0,salary,114000.0,12,14.0,21,7,0,1,0,0,1
57,informal,22900.0,11500.0,salary,17000.0,12,14.0,9,3,0,0,1,0,0
30,informal,14700.0,2300.0,emergency,101000.0,12,10.0,15,2,0,1,0,1,0
33,self,18900.0,3900.0,plan-backed,64000.0,18,8.0,20,8,1,1,0,0,0
22,wage,58000.0,6600.0,salary,145000.0,18,14.0,9,3,1,1,0,0,1
30,wage,23000.0,1700.0,salary,34000.0,6,14.0,13,4,2,0,0,0,1
57,self,12900.0,6000.0,regular,80000.0,12,12.0,9,5,0,1,0,1,1
31,wage,23900.0,3900.0,regular,111000.0,24,12.0,15,12,0,1,0,0,0
32,wage,12000.0,700.0,regular,80000.0,18,12.0,13,2,0,1,0,0,0
26,wage,12800.0,6600.0,salary,12000.0,18,14.0,21,5,0,1,0,0,1
59,wage,13800.0,2100.0,salary,11000.0,18,14.0,6,0,0,0,0,0,0
42,wage,18000.0,2400.0,regular,81000.0,12,12.0,4,1,0,0,1,1,0
63,wage,33500.0,700.0,emergency,33000.0,6,10.0,10,7,1,1,0,1,0
28,informal,28500.0,9200.0,regular,183000.0,36,12.0,15,6,1,1,0,1,1
42,informal,27800.0,9400.0,regular,448000.0,36,12.0,7,4,1,0,0,0,1
52,wage,13400.0,4400.0,plan-backed,16000.0,6,8.0,24,7,1,1,0,0,0
32,informal,17200.0,4400.0,regular,134000.0,24,12.0,12,4,1,1,0,0,0
54,wage,24900.0,3400.0,regular,65000.0,18,12.0,20,12,0,1,0,0,0
49,informal,16600.0,2600.0,emergency,26000.0,6,10.0,13,7,0,0,1,0,0
55,other,19400.0,2600.0,regular,24000.0,24,12.0,9,2,0,0,0,0,0
63,wage,26800.0,5100.0,salary,69000.0,6,14.0,21,11,1,1,0,0,0
56,informal,18800.0,4800.0,plan-backed,136000.0,18,8.0,3,1,0,1,0,0,0
54,other,24400.0,5300.0,emergency,123000.0,12,10.0,6,0,0,0,1,0,0
42,informal,45000.0,11300.0,emergency,34000.0,12,10.0,19,8,1,1,0,0,0
27,other,20400.0,1100.0,regular,119000.0,18,12.0,22,2,0,1,1,0,0
32,self,37400.0,800.0,emergency,171000.0,12,10.0,7,0,0,1,1,0,0
58,wage,28300.0,9300.0,regular,90000.0,36,12.0,13,3,0,1,1,0,0
25,informal,11400.0,5000.0,regular,59000.0,18,12.0,12,3,0,1,1,0,0
46,self,13400.0,3300.0,salary,25000.0,6,14.0,18,4,0,1,0,0,0
56,self,15100.0,2500.0,regular,6000.0,24,12.0,12,5,0,0,0,0,0
41,wage,15000.0,3500.0,emergency,14000.0,6,10.0,15,3,0,1,0,1,0
48,self,21100.0,6800.0,regular,134000.0,36,12.0,16,6,0,0,0,0,0
29,wage,29000.0,9200.0,salary,35000.0,12,14.0,20,5,1,0,0,0,0
57,self,38700.0,4100.0,regular,39000.0,24,12.0,3,0,0,0,0,0,0
45,wage,25300.0,3300.0,regular,139000.0,24,12.0,16,5,2,0,0,0,0
32,self,18000.0,3500.0,salary,13000.0,12,14.0,4,1,0,0,1,1,0
54,informal,8600.0,3600.0,emergency,17000.0,12,10.0,0,0,0,1,0,0,1
57,wage,22700.0,7800.0,plan-backed,500000.0,48,8.0,17,4,0,1,0,0,1
38,wage,22300.0,4800.0,regular,31000.0,36,12.0,9,6,0,1,0,0,0
53,wage,23900.0,4000.0,salary,46000.0,6,14.0,17,8,1,0,1,0,0
63,other,56800.0,3800.0,plan-backed,201000.0,24,8.0,23,7,2,1,0,1,0
57,self,38400.0,13900.0,emergency,63000.0,12,10.0,3,1,0,1,1,1,0
28,wage,31300.0,800.0,salary,184000.0,24,14.0,11,4,0,1,0,0,0
37,wage,14300.0,7600.0,regular,35000.0,18,12.0,2,0,0,1,0,1,0
21,wage,17500.0,4500.0,salary,26000.0,6,14.0,20,4,0,1,0,0,0
58,wage,21100.0,6700.0,plan-backed,111000.0,12,8.0,24,14,1,0,0,0,0
43,other,15500.0,6100.0,salary,132000.0,18,14.0,21,4,0,0,0,1,0
29,self,27600.0,13500.0,plan-backed,265000.0,36,8.0,24,15,0,0,1,0,1
28,wage,25800.0,3400.0,emergency,89000.0,12,10.0,8,5,0,0,0,1,0
21,informal,13500.0,2200.0,emergency,16000.0,6,10.0,6,1,0,1,0,0,0
49,wage,37700.0,14000.0,regular,70000.0,12,12.0,21,6,1,1,0,0,0
35,informal,23000.0,6400.0,salary,36000.0,12,14.0,16,8,1,1,0,1,0
40,wage,10100.0,2600.0,salary,21000.0,24,14.0,9,3,0,0,0,2,0
31,self,21500.0,1000.0,emergency,26000.0,6,10.0,5,2,0,1,0,0,0
39,informal,25000.0,5900.0,regular,25000.0,12,12.0,0,0,0,1,0,0,0
39,wage,34100.0,700.0,emergency,47000.0,6,10.0,0,0,0,1,0,0,0
41,self,18900.0,500.0,salary,27000.0,6,14.0,17,3,1,1,0,0,0
38,other,31900.0,10100.0,plan-backed,114000.0,36,8.0,6,1,0,1,0,0,0
26,wage,23900.0,4800.0,regular,65000.0,18,12.0,20,8,1,0,0,0,0
59,wage,12200.0,3000.0,regular,28000.0,18,12.0,21,5,2,1,0,0,0
33,self,11600.0,2900.0,regular,90000.0,36,12.0,11,2,0,0,0,0,0
21,wage,36500.0,17500.0,regular,214000.0,18,12.0,7,3,0,0,0,0,1
41,wage,37700.0,5600.0,plan-backed,105000.0,18,8.0,4,1,0,0,0,0,0
34,wage,25400.0,3200.0,regular,60000.0,12,12.0,6,3,0,1,1,0,0
55,informal,43100.0,15600.0,emergency,140000.0,12,10.0,15,6,0,1,0,0,0
37,wage,35400.0,1300.0,regular,37000.0,18,12.0,18,7,0,1,1,0,0
60,wage,29900.0,6500.0,regular,58000.0,6,12.0,18,4,0,0,0,1,0
34,informal,14600.0,1800.0,plan-backed,45000.0,36,8.0,23,12,1,1,0,0,0
33,wage,48000.0,4600.0,emergency,34000.0,12,10.0,16,5,0,1,1,0,0
25,informal,28000.0,5400.0,regular,67000.0,12,12.0,12,0,0,1,0,0,0
28,wage,18500.0,2500.0,regular,128000.0,18,12.0,8,1,0,1,0,1,0
34,other,16300.0,800.0,plan-backed,74000.0,24,8.0,8,1,0,1,1,0,0
37,self,24700.0,1100.0,plan-backed,51000.0,12,8.0,9,2,0,1,0,0,0
32,wage,10400.0,1700.0,regular,26000.0,6,12.0,21,6,1,1,1,0,0
37,informal,30100.0,17600.0,emergency,52000.0,12,10.0,13,4,0,0,0,0,0
23,wage,14300.0,1600.0,regular,42000.0,24,12.0,5,0,0,0,0,1,0
41,wage,26000.0,5700.0,emergency,30000.0,12,10.0,4,3,0,1,0,0,0
24,wage,17400.0,3700.0,regular,62000.0,12,12.0,0,0,0,0,0,0,0
48,self,19500.0,1800.0,salary,135000.0,18,14.0,21,10,3,0,0,0,0
31,wage,15600.0,5700.0,plan-backed,406000.0,60,8.0,5,2,0,1,1,0,0
40,wage,20500.0,3700.0,regular,55000.0,12,12.0,2,2,0,0,0,1,0
42,wage,51500.0,9800.0,emergency,65000.0,12,10.0,7,2,0,1,1,0,0
32,wage,41000.0,12700.0,regular,64000.0,6,12.0,12,6,0,0,0,2,1
28,wage,25800.0,4600.0,regular,22000.0,6,12.0,23,6,0,1,0,0,0
24,wage,21800.0,11100.0,regular,284000.0,36,12.0,21,7,2,1,1,0,1
62,wage,32200.0,7300.0,regular,36000.0,6,12.0,4,0,0,1,1,1,0
57,wage,36600.0,11500.0,plan-backed,237000.0,36,8.0,13,4,1,0,0,1,1
22,self,15100.0,7600.0,regular,88000.0,18,12.0,20,8,0,0,1,1,1
54,wage,21200.0,11000.0,salary,93000.0,24,14.0,19,13,2,0,0,0,0
40,self,9700.0,100.0,regular,70000.0,18,12.0,11,3,1,1,0,0,0
59,wage,36500.0,7900.0,emergency,93000.0,12,10.0,5,0,0,0,0,0,0
38,wage,55700.0,10600.0,emergency,287000.0,12,10.0,19,9,1,1,0,0,0
29,wage,22800.0,8000.0,plan-backed,255000.0,48,8.0,11,3,0,1,0,1,0
55,wage,8500.0,3100.0,regular,57000.0,24,12.0,5,1,0,1,1,0,0
59,wage,28900.0,8300.0,regular,103000.0,6,12.0,17,6,1,1,0,0,0
22,informal,14600.0,3900.0,salary,6000.0,6,14.0,22,5,0,1,0,1,0
61,wage,16300.0,4200.0,salary,23000.0,12,14.0,22,9,1,0,1,0,0
37,wage,29200.0,800.0,salary,90000.0,18,14.0,23,3,0,1,0,0,0
59,self,24700.0,2500.0,regular,151000.0,24,12.0,16,4,1,0,0,0,1
48,wage,17700.0,3100.0,regular,109000.0,24,12.0,19,6,0,0,0,0,0
22,wage,16400.0,5800.0,salary,5000.0,6,14.0,6,3,0,0,0,0,0
63,wage,23300.0,1200.0,emergency,18000.0,6,10.0,8,2,1,1,1,0,0
36,wage,18300.0,6000.0,emergency,31000.0,6,10.0,3,0,0,1,0,0,0
26,wage,13400.0,900.0,regular,77000.0,18,12.0,2,1,0,0,0,0,0
64,informal,18900.0,800.0,regular,136000.0,24,12.0,21,2,0,1,1,0,0
36,other,25600.0,8600.0,plan-backed,24000.0,6,8.0,11,3,0,1,0,0,0
45,wage,20300.0,8100.0,salary,27000.0,24,14.0,13,2,0,0,0,0,0
43,self,11600.0,2000.0,regular,37000.0,12,12.0,2,2,0,0,0,1,1
55,informal,34300.0,7200.0,plan-backed,153000.0,36,8.0,4,2,0,1,0,0,0
34,wage,6400.0,500.0,emergency,25000.0,12,10.0,1,0,0,1,0,0,0
34,informal,18000.0,8200.0,regular,7000.0,6,12.0,12,10,0,1,1,0,0
63,self,16600.0,2800.0,regular,243000.0,36,12.0,14,2,0,1,0,2,1
41,informal,23500.0,9100.0,salary,38000.0,24,14.0,3,0,0,1,0,0,0
28,other,28300.0,1100.0,regular,137000.0,36,12.0,17,3,1,0,0,0,0
38,wage,36500.0,12100.0,emergency,22000.0,6,10.0,2,0,0,0,0,0,0
39,wage,16000.0,4800.0,salary,66000.0,12,14.0,20,14,1,1,0,0,0
56,wage,28600.0,2800.0,regular,81000.0,12,12.0,22,12,0,1,1,0,0
26,wage,24000.0,900.0,plan-backed,88000.0,24,8.0,16,4,0,0,0,0,0
27,wage,10200.0,1500.0,regular,67000.0,36,12.0,13,0,0,0,0,0,0
47,other,51700.0,14200.0,regular,213000.0,24,12.0,18,9,1,1,0,0,0
41,wage,11500.0,1700.0,salary,43000.0,24,14.0,6,4,0,0,0,0,0
23,wage,26600.0,1600.0,emergency,22000.0,6,10.0,23,7,2,0,0,0,0
60,informal,26200.0,5200.0,regular,287000.0,36,12.0,22,6,1,1,0,1,0
21,wage,24900.0,8200.0,emergency,20000.0,12,10.0,17,7,1,0,0,1,0
59,wage,17600.0,300.0,plan-backed,166000.0,48,8.0,24,13,1,0,0,1,0
48,other,31900.0,3300.0,salary,56000.0,24,14.0,7,0,0,0,0,0,0
57,wage,10900.0,2000.0,salary,110000.0,18,14.0,22,7,2,1,0,0,0
60,wage,21400.0,1500.0,regular,29000.0,6,12.0,0,0,0,0,1,1,1
25,wage,17100.0,3200.0,regular,61000.0,12,12.0,18,5,0,1,0,0,0
48,other,16200.0,9800.0,emergency,13000.0,12,10.0,7,2,0,1,0,0,0
47,wage,26700.0,17600.0,regular,21000.0,12,12.0,24,11,1,0,1,0,0
40,wage,35700.0,10100.0,salary,62000.0,6,14.0,14,7,0,1,0,0,0
35,wage,18900.0,3400.0,regular,71000.0,36,12.0,4,1,0,0,0,0,0
49,wage,31300.0,12900.0,regular,172000.0,18,12.0,7,3,1,1,0,0,0
64,other,22500.0,4400.0,regular,128000.0,36,12.0,21,8,3,0,0,0,0
65,wage,14700.0,2900.0,regular,15000.0,12,12.0,20,6,1,0,0,0,0
46,other,19600.0,200.0,regular,77000.0,12,12.0,8,4,0,0,0,0,0
42,wage,19200.0,6900.0,emergency,46000.0,6,10.0,6,0,0,0,0,0,1
61,wage,16100.0,1300.0,emergency,31000.0,6,10.0,0,0,0,0,1,1,0
28,informal,26700.0,10900.0,regular,156000.0,18,12.0,3,0,0,1,0,0,1
29,wage,24500.0,1900.0,regular,41000.0,12,12.0,0,0,0,0,0,0,0
32,wage,10800.0,1300.0,salary,23000.0,24,14.0,8,3,0,0,1,0,0
58,informal,10500.0,700.0,regular,15000.0,12,12.0,4,0,0,1,0,0,0
30,wage,26600.0,4300.0,emergency,29000.0,6,10.0,0,0,0,1,0,0,0
39,wage,15200.0,2100.0,emergency,83000.0,12,10.0,19,10,1,1,0,1,1
28,other,25200.0,4700.0,emergency,37000.0,6,10.0,21,2,0,1,0,0,0
42,wage,31300.0,8200.0,salary,59000.0,6,14.0,22,15,2,0,0,0,0
40,wage,12400.0,3100.0,emergency,23000.0,6,10.0,20,4,0,1,0,1,0
58,wage,11700.0,1600.0,plan-backed,17000.0,24,8.0,3,1,0,1,0,0,0
24,wage,46700.0,2600.0,salary,208000.0,18,14.0,4,1,0,1,1,0,0
29,wage,25800.0,11400.0,regular,35000.0,36,12.0,21,6,0,0,0,0,0
54,self,18200.0,3300.0,regular,29000.0,6,12.0,0,0,0,1,1,0,0
28,wage,14500.0,5200.0,regular,75000.0,18,12.0,18,3,0,0,1,0,0
38,self,17500.0,5400.0,regular,31000.0,12,12.0,3,2,0,0,0,0,0
23,wage,12900.0,0.0,emergency,5000.0,6,10.0,1,0,0,0,0,1,0
49,wage,32700.0,14500.0,regular,81000.0,18,12.0,19,7,0,0,0,0,0
45,wage,15500.0,6000.0,regular,60000.0,12,12.0,18,6,0,0,0,0,0
44,self,36000.0,11400.0,regular,36000.0,6,12.0,2,1,0,1,0,0,0
52,wage,18400.0,3100.0,salary,5000.0,6,14.0,0,0,0,0,0,0,1
35,wage,13800.0,3300.0,salary,54000.0,18,14.0,22,10,0,1,1,0,0
62,informal,18200.0,6500.0,plan-backed,79000.0,12,8.0,6,1,0,0,0,0,1
64,self,6800.0,400.0,regular,7000.0,12,12.0,24,4,0,0,1,2,0
55,wage,20800.0,12200.0,regular,49000.0,6,12.0,13,5,1,1,0,0,0
61,informal,20400.0,7100.0,plan-backed,23000.0,6,8.0,24,9,3,1,0,2,1
48,wage,31900.0,2800.0,salary,88000.0,6,14.0,22,1,0,0,1,0,0
62,wage,9400.0,2100.0,emergency,20000.0,6,10.0,15,5,0,1,0,1,0
43,wage,37100.0,12700.0,emergency,73000.0,6,10.0,2,0,0,1,0,2,0
56,wage,31800.0,11500.0,regular,82000.0,12,12.0,22,7,0,0,0,0,0
41,wage,38600.0,7500.0,salary,101000.0,12,14.0,8,2,0,1,1,0,0
53,self,21500.0,4200.0,emergency,37000.0,6,10.0,6,0,0,1,0,0,0
40,wage,34700.0,7200.0,emergency,50000.0,6,10.0,14,4,1,1,0,0,0
36,informal,11300.0,1900.0,emergency,9000.0,6,10.0,8,2,0,0,1,0,1
57,other,30300.0,2900.0,regular,300000.0,36,12.0,18,3,0,0,0,0,0
27,self,15500.0,100.0,regular,128000.0,24,12.0,6,0,0,0,0,0,1
37,self,10500.0,4700.0,salary,5000.0,6,14.0,22,8,0,1,0,0,0
62,self,13300.0,1000.0,emergency,20000.0,6,10.0,2,2,0,1,0,1,0
35,other,22100.0,4800.0,regular,93000.0,12,12.0,11,4,0,0,0,0,0
46,wage,15200.0,2500.0,regular,135000.0,36,12.0,24,7,0,0,1,2,0
61,wage,26100.0,4300.0,plan-backed,317000.0,60,8.0,21,7,0,1,1,0,0
62,wage,9800.0,1200.0,regular,60000.0,24,12.0,20,7,1,1,0,0,0
60,wage,8400.0,1700.0,regular,7000.0,6,12.0,15,4,0,0,0,0,0
29,wage,40800.0,17800.0,emergency,160000.0,6,10.0,14,7,2,1,1,0,1
54,self,33000.0,7100.0,salary,32000.0,12,14.0,5,1,0,0,0,0,0
55,wage,13700.0,3700.0,salary,31000.0,18,14.0,7,4,1,1,0,0,0
50,informal,22000.0,900.0,salary,133000.0,24,14.0,14,3,0,0,1,0,0
57,wage,34800.0,17400.0,regular,90000.0,12,12.0,7,1,0,1,0,1,0
37,wage,26600.0,6500.0,plan-backed,317000.0,24,8.0,7,3,0,1,1,1,0
55,wage,23500.0,6900.0,plan-backed,37000.0,12,8.0,16,5,1,1,0,2,0
55,wage,36000.0,5900.0,emergency,33000.0,6,10.0,17,5,0,1,0,0,0
59,wage,15800.0,11200.0,emergency,10000.0,6,10.0,12,3,0,0,0,0,0
56,wage,22300.0,5800.0,regular,204000.0,24,12.0,7,2,0,1,0,1,0
46,wage,21800.0,2100.0,regular,41000.0,18,12.0,4,2,0,1,1,0,0
43,wage,19500.0,1100.0,regular,172000.0,24,12.0,6,3,0,0,0,0,0
47,wage,18500.0,200.0,regular,129000.0,24,12.0,8,8,3,1,0,2,1
38,wage,22700.0,6800.0,plan-backed,75000.0,18,8.0,23,9,0,0,0,0,0
65,wage,22300.0,2600.0,regular,111000.0,36,12.0,8,5,2,1,0,1,0
26,wage,13700.0,4300.0,emergency,20000.0,6,10.0,22,1,0,0,0,0,0
63,wage,31600.0,12700.0,regular,287000.0,36,12.0,13,3,0,0,0,1,1
47,wage,14200.0,1900.0,regular,34000.0,6,12.0,11,5,0,1,0,0,0
33,wage,19900.0,700.0,regular,86000.0,12,12.0,6,0,0,0,1,0,0
44,informal,19300.0,10100.0,regular,78000.0,36,12.0,19,5,1,0,0,1,1
26,other,25800.0,3900.0,emergency,149000.0,12,10.0,21,6,1,0,1,0,0
49,informal,8500.0,3200.0,plan-backed,28000.0,18,8.0,24,3,0,0,1,0,0
65,wage,32900.0,3500.0,regular,357000.0,36,12.0,20,6,2,1,1,0,0
21,wage,16200.0,800.0,plan-backed,20000.0,6,8.0,2,0,0,1,0,1,0
43,wage,38100.0,9900.0,salary,206000.0,18,14.0,21,12,0,0,0,0,0
49,informal,17700.0,3300.0,emergency,102000.0,12,10.0,15,3,0,1,0,0,0
48,informal,21500.0,5300.0,regular,77000.0,12,12.0,12,5,1,1,0,1,1
58,informal,52100.0,4400.0,regular,500000.0,36,12.0,6,3,0,1,1,0,0
52,informal,19400.0,1500.0,salary,31000.0,24,14.0,12,5,1,1,0,0,0
47,wage,38400.0,19700.0,emergency,47000.0,6,10.0,20,7,0,1,1,0,1
63,informal,22400.0,10600.0,regular,23000.0,6,12.0,14,4,0,1,0,0,0
41,informal,26500.0,4200.0,salary,67000.0,6,14.0,2,1,0,1,0,0,0
31,wage,22700.0,600.0,regular,110000.0,18,12.0,18,2,0,1,1,0,0
65,informal,32200.0,2400.0,salary,64000.0,12,14.0,19,10,0,0,1,0,0
54,wage,16200.0,1700.0,regular,69000.0,24,12.0,16,7,0,0,1,0,0
48,other,14100.0,4900.0,plan-backed,258000.0,36,8.0,5,1,0,0,1,0,0
36,informal,16500.0,2400.0,regular,17000.0,6,12.0,7,0,0,1,0,1,0
56,wage,23000.0,4200.0,regular,89000.0,18,12.0,11,4,1,0,0,0,1
24,self,19900.0,2200.0,salary,27000.0,24,14.0,21,10,1,1,0,0,0
30,wage,30300.0,2000.0,regular,373000.0,36,12.0,20,7,3,1,0,0,0
61,informal,39600.0,15200.0,plan-backed,179000.0,18,8.0,2,2,0,1,1,0,0
29,informal,14200.0,9200.0,salary,16000.0,6,14.0,1,1,0,0,1,0,1
22,self,15800.0,6800.0,regular,14000.0,6,12.0,1,0,0,1,0,1,1
62,informal,11500.0,2200.0,regular,31000.0,12,12.0,23,7,1,1,0,0,0
36,wage,54900.0,14600.0,plan-backed,348000.0,24,8.0,21,5,2,1,1,0,0
62,wage,25200.0,800.0,emergency,5000.0,6,10.0,5,0,0,1,0,0,0
21,wage,27300.0,3300.0,salary,31000.0,6,14.0,22,7,1,1,1,1,0
26,wage,12000.0,1000.0,regular,41000.0,12,12.0,12,4,0,1,0,1,0
45,wage,22000.0,4800.0,plan-backed,107000.0,18,8.0,7,2,1,1,1,0,1
64,wage,27700.0,3800.0,emergency,51000.0,6,10.0,18,6,1,1,1,0,0
41,wage,19600.0,4000.0,salary,47000.0,6,14.0,1,0,0,0,0,1,1
53,wage,35700.0,5500.0,regular,173000.0,24,12.0,3,3,0,0,0,1,0
21,informal,62300.0,1300.0,regular,59000.0,18,12.0,6,1,0,0,0,0,0
34,wage,14400.0,2100.0,plan-backed,91000.0,18,8.0,15,7,1,1,0,0,0
44,informal,13900.0,800.0,plan-backed,75000.0,60,8.0,20,7,1,1,1,1,0
30,wage,14800.0,2300.0,regular,96000.0,24,12.0,12,4,2,0,0,0,0
29,wage,45300.0,13700.0,plan-backed,33000.0,6,8.0,10,1,0,0,0,0,0
50,wage,35200.0,4600.0,regular,56000.0,6,12.0,14,7,1,1,0,0,0
31,wage,20700.0,4600.0,regular,27000.0,6,12.0,0,0,0,1,0,0,1
25,wage,22400.0,2300.0,regular,159000.0,18,12.0,16,4,0,0,0,0,0
30,wage,15200.0,400.0,regular,33000.0,12,12.0,20,6,0,0,0,0,0
52,wage,32800.0,4400.0,regular,115000.0,12,12.0,10,2,0,1,0,0,0
47,wage,18500.0,1100.0,regular,173000.0,18,12.0,16,3,0,1,0,1,0
57,self,19600.0,1400.0,regular,116000.0,18,12.0,7,3,1,0,0,0,0
22,wage,28900.0,1600.0,salary,24000.0,6,14.0,23,9,3,1,0,0,0
43,informal,20200.0,5100.0,salary,13000.0,6,14.0,4,0,0,0,0,2,0
63,wage,19800.0,8200.0,salary,80000.0,24,14.0,3,0,0,1,0,0,0
58,other,22100.0,10900.0,regular,290000.0,36,12.0,23,4,0,1,0,1,1
48,informal,31500.0,2400.0,salary,65000.0,24,14.0,12,5,0,0,0,0,0
51,other,46200.0,3200.0,regular,218000.0,36,12.0,10,5,2,0,0,0,0
24,informal,28600.0,8000.0,salary,115000.0,12,14.0,20,4,0,0,0,0,0
47,wage,31600.0,7500.0,emergency,54000.0,12,10.0,7,5,0,1,1,0,0
25,wage,20100.0,3800.0,regular,128000.0,36,12.0,7,1,0,0,0,0,0
40,wage,16000.0,3800.0,regular,57000.0,36,12.0,1,1,0,0,0,0,0
35,informal,29500.0,10500.0,salary,93000.0,6,14.0,12,5,0,1,1,0,1
50,self,23800.0,3100.0,plan-backed,133000.0,12,8.0,18,5,1,0,1,0,1
56,wage,11600.0,2000.0,salary,37000.0,12,14.0,24,7,0,0,0,0,0
64,informal,19000.0,1900.0,plan-backed,51000.0,24,8.0,13,3,1,0,0,1,1
64,wage,21200.0,1700.0,plan-backed,441000.0,60,8.0,1,0,0,1,0,0,0
26,self,17500.0,7300.0,regular,8000.0,12,12.0,4,1,0,0,0,1,1
22,self,42900.0,9700.0,salary,82000.0,24,14.0,7,3,1,0,0,0,0
28,wage,27300.0,3100.0,regular,170000.0,36,12.0,22,11,2,1,1,0,0
57,self,40800.0,8700.0,emergency,62000.0,12,10.0,14,6,0,0,0,0,0
50,informal,24800.0,5700.0,regular,59000.0,6,12.0,23,5,0,1,0,1,1
48,wage,22800.0,2400.0,plan-backed,14000.0,12,8.0,21,3,0,0,0,0,0
65,wage,14400.0,1300.0,salary,9000.0,6,14.0,22,6,0,1,0,0,0
42,wage,22100.0,500.0,regular,126000.0,24,12.0,6,0,0,0,0,0,0
43,self,22100.0,2400.0,regular,70000.0,24,12.0,14,11,0,0,0,0,0
52,wage,11900.0,800.0,regular,10000.0,18,12.0,1,0,0,0,1,0,0
38,other,17300.0,4600.0,salary,30000.0,6,14.0,9,1,0,0,0,1,0
28,informal,19000.0,2900.0,plan-backed,51000.0,24,8.0,7,4,0,1,1,2,0
64,wage,26500.0,13300.0,regular,220000.0,24,12.0,4,0,0,0,0,0,1
64,wage,27100.0,9900.0,emergency,59000.0,6,10.0,1,0,0,0,1,1,1
33,self,16900.0,1800.0,emergency,19000.0,6,10.0,9,4,1,1,0,0,0
26,self,27200.0,8600.0,regular,96000.0,18,12.0,1,1,0,1,0,0,0
35,wage,20300.0,6600.0,emergency,51000.0,12,10.0,15,9,0,0,0,0,1
38,wage,6000.0,1100.0,regular,32000.0,18,12.0,6,2,0,1,0,0,0
39,wage,17700.0,4600.0,regular,172000.0,36,12.0,5,2,0,1,1,1,0
64,other,35800.0,3200.0,regular,115000.0,12,12.0,2,1,0,0,0,1,0
44,wage,10300.0,900.0,plan-backed,64000.0,36,8.0,11,4,1,1,1,0,0
56,informal,23100.0,1300.0,regular,277000.0,36,12.0,4,2,0,0,1,2,1
23,wage,44900.0,2500.0,regular,209000.0,12,12.0,14,3,1,1,1,1,0
28,informal,15600.0,800.0,salary,59000.0,12,14.0,24,9,0,0,0,0,0
39,wage,22000.0,1600.0,plan-backed,5000.0,6,8.0,18,8,1,1,1,0,0
24,wage,12200.0,1000.0,emergency,20000.0,6,10.0,2,1,0,1,1,0,0
47,informal,45800.0,2900.0,regular,48000.0,6,12.0,2,0,0,1,1,0,0
31,other,21200.0,200.0,salary,75000.0,18,14.0,21,2,1,0,1,0,0
26,wage,22500.0,2500.0,regular,14000.0,6,12.0,21,5,2,1,1,0,1
26,wage,40500.0,2100.0,salary,268000.0,18,14.0,9,2,0,0,0,0,0
41,wage,29600.0,2200.0,regular,34000.0,18,12.0,11,5,1,1,0,0,0
35,wage,14800.0,5400.0,regular,75000.0,36,12.0,9,4,0,0,0,0,0
34,wage,16400.0,2200.0,regular,21000.0,12,12.0,14,4,0,1,0,0,0
34,informal,27500.0,6100.0,salary,30000.0,12,14.0,5,3,0,1,1,1,0
26,wage,16600.0,800.0,regular,79000.0,12,12.0,23,7,1,0,0,0,0
26,self,8500.0,1500.0,regular,44000.0,18,12.0,10,2,0,1,0,0,0
62,wage,21500.0,9700.0,emergency,55000.0,6,10.0,4,2,0,1,0,0,0
25,wage,11300.0,400.0,salary,7000.0,6,14.0,7,2,0,0,1,0,0
37,self,45500.0,16000.0,regular,323000.0,36,12.0,22,5,0,1,0,1,0
30,wage,23800.0,3200.0,salary,149000.0,18,14.0,7,2,0,1,1,0,0
43,self,14600.0,4500.0,salary,7000.0,6,14.0,20,4,1,0,0,0,0
54,wage,16100.0,4700.0,regular,33000.0,24,12.0,19,4,0,1,0,0,0
44,other,9400.0,3400.0,plan-backed,35000.0,18,8.0,24,6,0,1,1,0,0
55,self,13400.0,4100.0,salary,17000.0,6,14.0,3,1,0,1,0,0,0
28,informal,34800.0,4100.0,regular,10000.0,18,12.0,9,4,0,1,0,1,0
49,wage,60100.0,11200.0,regular,46000.0,24,12.0,21,9,0,0,0,0,0
46,wage,30500.0,1100.0,regular,88000.0,6,12.0,3,1,0,0,0,0,0
21,wage,21100.0,3900.0,regular,10000.0,12,12.0,0,0,0,0,0,1,0
32,wage,18100.0,7100.0,emergency,23000.0,12,10.0,0,0,0,1,1,0,0
44,wage,14300.0,6000.0,plan-backed,67000.0,18,8.0,2,1,0,1,0,0,1
48,wage,55600.0,9400.0,salary,55000.0,6,14.0,19,5,1,1,1,0,0
30,wage,20200.0,11600.0,regular,40000.0,18,12.0,8,2,0,1,1,0,0
26,wage,57000.0,17500.0,regular,90000.0,24,12.0,3,1,0,1,1,0,0
27,wage,41200.0,2300.0,regular,321000.0,36,12.0,17,5,0,1,0,0,0
56,wage,10100.0,700.0,emergency,67000.0,12,10.0,7,0,0,1,1,0,0
25,wage,16300.0,6800.0,regular,5000.0,6,12.0,3,1,0,1,0,0,0
59,self,16300.0,400.0,plan-backed,124000.0,48,8.0,24,11,0,1,0,0,0
27,wage,21200.0,6200.0,salary,236000.0,24,14.0,14,4,0,0,0,0,1
65,wage,21400.0,5100.0,regular,161000.0,24,12.0,11,3,0,0,0,0,0
49,wage,84700.0,5800.0,salary,345000.0,24,14.0,23,7,1,1,1,1,0
61,informal,13500.0,9800.0,emergency,21000.0,12,10.0,5,0,0,0,0,0,1
41,wage,24400.0,2900.0,salary,40000.0,6,14.0,14,3,0,1,0,1,0
50,self,29000.0,3700.0,emergency,10000.0,6,10.0,18,2,0,1,1,1,0
36,other,22000.0,3400.0,regular,124000.0,18,12.0,0,0,0,0,0,0,0
27,wage,23100.0,5600.0,emergency,63000.0,6,10.0,6,1,0,1,0,0,1
54,informal,13700.0,7100.0,regular,149000.0,24,12.0,2,0,0,1,0,0,1
24,informal,23100.0,1100.0,emergency,37000.0,12,10.0,13,2,0,1,1,0,0
39,wage,27700.0,5700.0,regular,81000.0,6,12.0,17,7,1,1,1,0,0
24,wage,25500.0,5900.0,salary,207000.0,18,14.0,3,5,1,0,0,0,1
44,self,28400.0,1700.0,salary,56000.0,6,14.0,3,0,0,0,1,0,0
58,other,41500.0,8300.0,regular,119000.0,18,12.0,11,3,0,1,0,0,1
29,wage,33500.0,4500.0,regular,147000.0,18,12.0,9,0,0,1,1,0,0
55,wage,22700.0,1000.0,salary,15000.0,6,14.0,2,0,0,1,0,0,0
34,self,13000.0,5100.0,regular,90000.0,36,12.0,17,2,0,0,0,0,0
31,wage,16800.0,6100.0,emergency,9000.0,6,10.0,19,9,1,0,0,1,0
61,informal,19900.0,3800.0,salary,30000.0,6,14.0,10,3,0,1,0,0,0
31,wage,24600.0,2600.0,regular,42000.0,12,12.0,9,2,0,1,0,0,0
46,self,17700.0,3000.0,salary,63000.0,24,14.0,4,1,0,1,1,1,0
25,informal,14400.0,300.0,emergency,20000.0,6,10.0,7,1,0,0,1,0,0
27,self,12900.0,5200.0,emergency,18000.0,6,10.0,12,2,0,0,0,0,0
64,self,10500.0,500.0,regular,42000.0,18,12.0,24,8,0,1,0,1,0
40,informal,19800.0,2700.0,regular,108000.0,36,12.0,4,1,0,1,0,0,0
32,informal,11400.0,2800.0,regular,5000.0,6,12.0,20,2,0,1,1,0,0
60,informal,14000.0,7100.0,plan-backed,20000.0,6,8.0,12,2,0,1,1,0,0
59,wage,18400.0,5800.0,salary,27000.0,18,14.0,13,6,1,1,0,0,0
32,self,12100.0,3300.0,salary,21000.0,6,14.0,7,4,1,0,0,0,1
55,wage,26100.0,10000.0,regular,113000.0,24,12.0,23,2,0,0,0,0,0
33,informal,30700.0,5300.0,emergency,80000.0,6,10.0,1,1,0,1,1,2,1
57,self,17200.0,3900.0,salary,73000.0,18,14.0,5,1,0,0,0,1,0
34,wage,18100.0,3600.0,salary,47000.0,6,14.0,7,2,0,1,0,0,0
49,wage,28000.0,14600.0,regular,133000.0,24,12.0,14,5,0,0,0,0,0
64,wage,16000.0,4900.0,salary,24000.0,18,14.0,10,4,0,1,1,0,0
30,self,15500.0,1300.0,regular,29000.0,6,12.0,23,8,0,1,1,0,0
30,wage,37700.0,20000.0,regular,205000.0,12,12.0,4,1,0,0,0,0,0
30,wage,32800.0,2500.0,plan-backed,97000.0,6,8.0,14,5,0,0,0,0,0
42,informal,28800.0,1600.0,emergency,77000.0,6,10.0,12,9,0,1,0,0,1
63,informal,33400.0,13600.0,regular,312000.0,24,12.0,7,2,0,0,1,0,1
58,wage,9000.0,2500.0,emergency,5000.0,6,10.0,0,0,0,1,0,0,0
45,wage,40500.0,9500.0,plan-backed,26000.0,48,8.0,20,10,1,0,0,0,0
42,other,26200.0,5400.0,regular,149000.0,12,12.0,5,3,0,1,1,1,0
51,self,34700.0,11600.0,salary,51000.0,18,14.0,3,0,0,0,1,0,0
58,self,26200.0,7500.0,regular,212000.0,24,12.0,14,4,1,1,0,0,0
44,wage,22500.0,2600.0,regular,43000.0,24,12.0,3,0,0,1,1,0,0
44,wage,19400.0,8700.0,regular,49000.0,36,12.0,15,6,1,1,1,1,0
36,wage,26000.0,10900.0,emergency,32000.0,12,10.0,18,5,0,1,0,0,1
62,self,19100.0,2400.0,regular,28000.0,24,12.0,5,1,0,1,1,0,0
52,wage,32500.0,11500.0,regular,291000.0,24,12.0,1,0,0,0,0,1,1
49,wage,10800.0,2100.0,emergency,24000.0,6,10.0,2,2,0,0,0,1,0
59,self,17200.0,5600.0,emergency,64000.0,12,10.0,1,0,0,1,1,0,0
49,other,55200.0,1600.0,salary,94000.0,24,14.0,12,3,0,1,1,0,0
31,informal,16600.0,7300.0,salary,48000.0,18,14.0,9,2,0,1,1,1,0
52,wage,19800.0,1600.0,regular,93000.0,24,12.0,19,9,1,0,0,0,0
28,wage,14800.0,1600.0,regular,8000.0,6,12.0,9,4,0,0,1,4,0
28,wage,25600.0,6200.0,emergency,37000.0,6,10.0,16,2,0,1,0,0,0
23,wage,15800.0,2400.0,emergency,21000.0,6,10.0,11,4,0,1,0,0,0
27,wage,20200.0,5100.0,regular,20000.0,6,12.0,10,7,0,1,1,0,0
61,wage,32200.0,2300.0,regular,76000.0,12,12.0,18,3,0,1,1,1,0
22,self,16100.0,3600.0,regular,11000.0,18,12.0,12,7,1,1,0,0,0
51,informal,31400.0,6900.0,regular,167000.0,18,12.0,14,4,0,0,0,1,1
61,other,31900.0,10900.0,plan-backed,500000.0,60,8.0,11,6,0,0,1,0,0
52,wage,35400.0,600.0,emergency,86000.0,12,10.0,17,2,1,0,1,0,0
32,wage,23400.0,4000.0,regular,39000.0,18,12.0,7,0,0,1,0,1,0
23,wage,94600.0,19400.0,emergency,195000.0,6,10.0,1,0,0,0,1,0,0
41,wage,35400.0,4000.0,salary,16000.0,18,14.0,10,6,0,1,0,0,0
38,wage,25500.0,1300.0,regular,61000.0,12,12.0,7,2,0,1,1,0,0
54,wage,14800.0,3000.0,regular,34000.0,36,12.0,22,6,1,0,0,0,0
23,informal,21100.0,1800.0,salary,25000.0,24,14.0,24,9,2,1,1,0,0
56,wage,41800.0,5500.0,regular,176000.0,24,12.0,5,1,0,1,1,0,0
52,informal,47500.0,10300.0,emergency,127000.0,6,10.0,10,3,0,0,0,0,1
35,wage,42800.0,1000.0,emergency,109000.0,12,10.0,10,1,0,1,0,0,0
36,wage,31300.0,20600.0,salary,97000.0,24,14.0,5,0,0,1,1,0,1
52,wage,12500.0,3300.0,plan-backed,6000.0,6,8.0,0,0,0,1,1,0,0
65,wage,27400.0,3600.0,salary,75000.0,6,14.0,24,4,0,0,0,0,1
36,wage,12600.0,2400.0,emergency,7000.0,12,10.0,16,8,0,1,0,1,0
53,other,11300.0,900.0,regular,61000.0,12,12.0,10,6,0,1,0,0,0
47,wage,24500.0,600.0,emergency,41000.0,12,10.0,4,1,0,1,1,1,0
27,wage,27800.0,2500.0,salary,93000.0,12,14.0,11,6,1,1,0,1,0
58,self,33000.0,2600.0,plan-backed,261000.0,60,8.0,6,4,1,1,0,0,0
29,wage,27500.0,2500.0,salary,75000.0,12,14.0,5,2,0,0,1,0,0
25,self,27900.0,10400.0,regular,103000.0,12,12.0,23,7,0,0,0,0,1
26,wage,14100.0,4200.0,salary,23000.0,6,14.0,16,8,1,0,1,0,1
38,informal,21000.0,1700.0,salary,29000.0,6,14.0,7,1,0,1,1,0,0
32,wage,11200.0,100.0,salary,5000.0,6,14.0,5,4,0,0,0,0,0
41,wage,8900.0,2900.0,salary,94000.0,24,14.0,19,8,1,0,1,0,0
64,self,30700.0,5500.0,emergency,53000.0,6,10.0,15,6,0,1,0,0,1
24,informal,15700.0,6000.0,emergency,51000.0,6,10.0,21,6,0,1,1,0,0
65,wage,32600.0,10500.0,regular,24000.0,12,12.0,18,5,0,0,1,0,0
35,self,36200.0,4900.0,regular,58000.0,18,12.0,10,3,0,0,1,2,0
33,wage,16600.0,1700.0,salary,20000.0,24,14.0,16,3,0,1,0,0,0
24,wage,28700.0,3400.0,plan-backed,415000.0,60,8.0,9,2,0,0,0,0,0
31,wage,16300.0,4000.0,salary,54000.0,6,14.0,2,1,0,1,0,0,1
64,self,9600.0,1400.0,regular,95000.0,36,12.0,0,0,0,0,0,0,1
32,wage,23300.0,2200.0,regular,100000.0,12,12.0,1,0,0,0,0,0,1
57,self,17800.0,1800.0,regular,63000.0,36,12.0,22,3,1,1,0,0,0
43,wage,18000.0,1000.0,salary,32000.0,6,14.0,21,6,0,1,0,0,0
22,informal,53500.0,23600.0,salary,160000.0,18,14.0,9,4,1,0,0,0,1
42,informal,11100.0,5200.0,plan-backed,124000.0,60,8.0,22,5,0,1,1,0,0
24,wage,26100.0,2600.0,regular,20000.0,6,12.0,18,7,1,1,0,0,0
41,wage,14100.0,5100.0,emergency,17000.0,12,10.0,3,1,0,0,1,0,0
42,wage,33100.0,2300.0,salary,33000.0,6,14.0,5,2,0,0,0,0,0
24,informal,25200.0,2700.0,regular,196000.0,36,12.0,9,3,0,1,1,1,0
48,wage,26100.0,6900.0,plan-backed,495000.0,48,8.0,20,8,3,0,0,1,0
32,wage,14400.0,4100.0,emergency,5000.0,12,10.0,16,12,1,0,0,1,0
56,wage,15600.0,4000.0,regular,61000.0,36,12.0,9,5,0,1,0,1,1
41,informal,33400.0,1800.0,regular,170000.0,12,12.0,20,7,0,1,0,0,0
60,wage,48800.0,20800.0,salary,57000.0,12,14.0,8,1,0,1,1,0,0
30,wage,27300.0,1300.0,emergency,125000.0,12,10.0,22,10,0,1,0,0,0
50,other,14700.0,2800.0,salary,40000.0,6,14.0,18,3,0,1,0,0,0
49,wage,25600.0,16200.0,salary,45000.0,12,14.0,17,8,2,1,0,1,1
21,informal,65600.0,7400.0,regular,180000.0,6,12.0,2,1,0,1,0,1,1
27,wage,23000.0,7000.0,salary,93000.0,24,14.0,3,1,0,1,0,0,0
34,wage,42500.0,10400.0,plan-backed,125000.0,12,8.0,24,8,0,1,0,0,0
37,informal,15800.0,3800.0,regular,62000.0,18,12.0,19,7,0,1,0,0,1
60,self,21600.0,4000.0,salary,84000.0,12,14.0,6,0,0,0,1,1,0
55,self,29100.0,7400.0,regular,98000.0,12,12.0,21,10,1,0,1,0,0
30,wage,26300.0,4400.0,regular,177000.0,24,12.0,7,5,1,0,0,0,1
47,wage,15600.0,3500.0,regular,167000.0,36,12.0,8,3,1,1,1,1,1
23,wage,15300.0,4100.0,salary,90000.0,18,14.0,7,4,1,1,0,0,0
62,wage,34300.0,12600.0,regular,458000.0,36,12.0,12,4,0,0,0,0,0
52,wage,37600.0,10300.0,regular,41000.0,6,12.0,19,8,0,0,0,0,0
33,wage,43400.0,4800.0,salary,114000.0,24,14.0,4,3,0,0,0,0,0
51,wage,49500.0,8200.0,regular,32000.0,6,12.0,24,10,0,1,0,0,0
21,wage,23400.0,5300.0,salary,38000.0,6,14.0,7,2,0,1,1,0,0
32,wage,19100.0,1900.0,plan-backed,20000.0,6,8.0,24,8,0,1,0,1,0
43,wage,40400.0,2200.0,regular,102000.0,12,12.0,21,6,1,0,1,1,0
49,informal,30300.0,4400.0,regular,224000.0,36,12.0,13,4,0,0,1,0,0
30,self,14100.0,1900.0,plan-backed,80000.0,18,8.0,2,0,0,1,1,0,0
47,wage,13800.0,900.0,regular,60000.0,24,12.0,14,5,0,1,0,0,0
26,self,27500.0,3000.0,regular,110000.0,18,12.0,19,9,2,1,0,0,0
27,informal,20300.0,100.0,plan-backed,27000.0,6,8.0,24,8,0,0,1,0,0
21,wage,21700.0,2100.0,salary,9000.0,12,14.0,2,0,0,1,0,0,0
55,wage,35600.0,7900.0,salary,41000.0,6,14.0,18,9,3,1,0,0,0
47,wage,31000.0,4000.0,emergency,84000.0,6,10.0,7,5,0,1,0,1,0
30,wage,40000.0,4800.0,plan-backed,42000.0,24,8.0,18,4,0,0,0,0,0
38,informal,9200.0,5400.0,salary,29000.0,24,14.0,14,3,0,1,0,0,0
56,other,24700.0,6200.0,salary,207000.0,18,14.0,21,7,0,1,0,0,0
35,wage,30100.0,5900.0,salary,41000.0,6,14.0,0,0,0,1,0,0,0
33,self,11100.0,2400.0,salary,61000.0,18,14.0,12,3,0,0,1,0,0
38,wage,16400.0,2600.0,emergency,12000.0,12,10.0,16,6,1,1,0,1,0
30,self,15100.0,4000.0,regular,60000.0,12,12.0,9,6,0,0,0,1,0
55,informal,22200.0,7400.0,emergency,24000.0,12,10.0,7,3,0,0,0,0,1
60,wage,45800.0,5400.0,emergency,257000.0,12,10.0,8,2,0,1,1,0,0
31,wage,54700.0,7000.0,regular,188000.0,24,12.0,18,14,1,0,0,0,0
62,self,15300.0,7600.0,regular,77000.0,12,12.0,5,1,0,1,1,0,0
43,other,27900.0,1200.0,salary,30000.0,12,14.0,24,9,1,0,0,0,0
50,wage,28300.0,12300.0,regular,132000.0,18,12.0,5,2,0,1,0,0,0
65,wage,26200.0,4000.0,regular,61000.0,6,12.0,10,4,0,1,0,0,0
62,wage,26300.0,10000.0,regular,68000.0,12,12.0,24,7,2,1,0,0,0
23,self,25200.0,2100.0,regular,62000.0,6,12.0,0,0,0,0,0,0,1
26,self,47000.0,6600.0,salary,29000.0,6,14.0,8,2,0,1,1,1,0
50,informal,36100.0,4300.0,regular,168000.0,24,12.0,21,14,0,0,0,0,0
48,informal,13700.0,1800.0,regular,15000.0,6,12.0,7,2,1,1,0,0,0
51,informal,31500.0,8800.0,salary,62000.0,12,14.0,6,4,0,0,0,0,1
28,informal,32900.0,9400.0,regular,82000.0,18,12.0,0,0,0,1,0,0,0
40,wage,25300.0,1300.0,regular,49000.0,6,12.0,3,2,0,1,1,0,0
42,self,36600.0,8400.0,salary,208000.0,24,14.0,4,1,0,1,1,0,0
57,wage,23900.0,1100.0,emergency,48000.0,12,10.0,21,5,0,0,0,0,0
50,wage,24100.0,2000.0,salary,145000.0,18,14.0,13,3,0,1,1,0,0
51,other,23200.0,400.0,salary,204000.0,18,14.0,5,3,1,1,1,0,1
36,self,8900.0,300.0,plan-backed,24000.0,12,8.0,20,6,1,0,0,0,0
53,other,21200.0,3100.0,regular,43000.0,36,12.0,15,5,2,1,0,0,0
24,wage,16300.0,100.0,salary,55000.0,24,14.0,7,5,1,0,0,0,0
26,wage,12900.0,4600.0,salary,63000.0,12,14.0,6,2,0,0,1,0,0
40,wage,41900.0,3400.0,regular,32000.0,24,12.0,5,4,0,1,0,1,0
45,wage,27600.0,4700.0,plan-backed,144000.0,60,8.0,17,1,0,1,1,0,0
34,wage,21700.0,5700.0,regular,149000.0,24,12.0,17,6,1,1,1,0,0
28,wage,17100.0,1200.0,salary,42000.0,6,14.0,16,11,4,0,0,0,0
43,wage,25100.0,2200.0,emergency,33000.0,6,10.0,11,3,0,0,0,0,0
24,other,34400.0,15200.0,emergency,75000.0,6,10.0,12,1,0,1,1,1,1
30,wage,15200.0,7600.0,regular,50000.0,12,12.0,22,3,1,1,0,0,0
40,wage,22000.0,8400.0,plan-backed,226000.0,60,8.0,13,8,4,1,1,0,0
43,informal,32500.0,3900.0,emergency,79000.0,6,10.0,15,6,1,1,1,0,0
25,wage,9200.0,800.0,regular,29000.0,36,12.0,5,0,0,1,1,0,0
57,informal,21400.0,2200.0,regular,15000.0,12,12.0,11,4,0,0,1,1,1
21,self,18100.0,3000.0,salary,32000.0,12,14.0,0,0,0,1,1,0,0
43,wage,20700.0,4200.0,regular,27000.0,18,12.0,11,6,1,1,1,0,0
64,self,17600.0,2600.0,emergency,20000.0,6,10.0,20,6,0,1,1,0,0
61,self,23400.0,2300.0,salary,12000.0,6,14.0,16,8,2,0,0,1,0
60,informal,52300.0,8700.0,regular,97000.0,12,12.0,22,4,0,1,1,0,0
52,informal,19000.0,1100.0,emergency,24000.0,6,10.0,8,4,0,0,1,0,0
29,self,25100.0,11100.0,regular,41000.0,24,12.0,19,10,1,0,0,0,0
49,self,54000.0,12400.0,plan-backed,54000.0,24,8.0,18,5,0,0,0,0,0
27,wage,17200.0,5100.0,salary,134000.0,24,14.0,17,8,1,1,0,0,0
65,self,49800.0,1600.0,regular,201000.0,36,12.0,19,8,1,0,0,0,0
36,other,22100.0,1000.0,emergency,31000.0,6,10.0,11,2,0,1,1,0,0
23,self,49100.0,16500.0,emergency,206000.0,12,10.0,8,1,0,1,0,0,0
26,self,30800.0,12400.0,plan-backed,87000.0,6,8.0,14,3,0,0,0,0,1
25,wage,25300.0,10100.0,regular,26000.0,18,12.0,9,1,0,0,1,0,0
36,informal,21400.0,3400.0,emergency,75000.0,12,10.0,17,3,0,1,1,0,0
28,other,16600.0,8500.0,plan-backed,161000.0,24,8.0,21,10,2,0,1,0,0
52,wage,22800.0,3700.0,regular,184000.0,24,12.0,0,0,0,0,0,0,1
52,wage,32900.0,4400.0,emergency,34000.0,12,10.0,15,7,0,0,1,0,0
31,wage,21900.0,1800.0,regular,69000.0,18,12.0,10,2,0,0,0,0,0
25,wage,19100.0,6000.0,emergency,47000.0,6,10.0,2,0,0,1,1,1,0
56,self,19700.0,3900.0,regular,109000.0,18,12.0,5,1,0,1,0,0,0
23,wage,34400.0,14600.0,plan-backed,288000.0,60,8.0,20,6,1,1,0,0,0
62,wage,38200.0,6100.0,regular,266000.0,36,12.0,9,1,0,1,0,1,0
33,self,16300.0,1400.0,regular,174000.0,36,12.0,2,1,0,0,1,0,0
22,self,16300.0,6400.0,salary,36000.0,6,14.0,18,4,0,0,0,0,1
53,self,26100.0,300.0,salary,49000.0,6,14.0,5,3,1,1,0,0,0
45,self,43700.0,2200.0,salary,94000.0,18,14.0,9,4,0,0,1,0,0
60,self,36800.0,2200.0,salary,150000.0,12,14.0,4,1,0,1,0,0,0
24,informal,12500.0,900.0,regular,18000.0,24,12.0,18,5,0,0,1,0,0
39,self,19500.0,2200.0,emergency,10000.0,12,10.0,22,5,0,1,0,1,0
45,wage,14500.0,1400.0,regular,40000.0,18,12.0,24,9,1,0,0,0,0
35,self,19500.0,7800.0,regular,18000.0,12,12.0,1,1,0,1,1,1,0
22,wage,45300.0,4800.0,plan-backed,500000.0,60,8.0,23,1,0,1,0,0,0
26,wage,11600.0,4800.0,salary,40000.0,12,14.0,15,9,0,1,1,0,0
43,wage,10600.0,1100.0,regular,55000.0,24,12.0,20,7,0,0,0,0,0
45,informal,15200.0,4100.0,regular,19000.0,6,12.0,1,1,0,1,1,1,0
40,self,25000.0,4900.0,plan-backed,249000.0,24,8.0,21,8,0,1,0,1,0
48,wage,29100.0,5100.0,regular,215000.0,18,12.0,8,5,0,0,0,2,1
64,self,26800.0,3300.0,regular,70000.0,6,12.0,9,1,0,0,1,0,0
24,wage,37300.0,6100.0,regular,103000.0,12,12.0,22,9,1,0,0,0,0
29,self,10000.0,300.0,regular,110000.0,24,12.0,18,7,0,0,0,0,0
43,informal,37600.0,2200.0,regular,65000.0,6,12.0,12,5,0,1,0,0,0
25,self,19100.0,7400.0,plan-backed,8000.0,6,8.0,16,7,0,0,1,1,0
38,self,30600.0,10300.0,regular,73000.0,6,12.0,8,5,1,1,0,0,0
24,wage,12100.0,3100.0,emergency,31000.0,6,10.0,24,6,0,0,0,1,1
23,wage,22000.0,6300.0,salary,25000.0,12,14.0,1,1,0,0,0,0,1
27,informal,24500.0,6100.0,emergency,14000.0,6,10.0,14,3,0,0,0,0,0
26,self,37000.0,6500.0,salary,93000.0,18,14.0,1,1,0,0,0,1,1
47,wage,10800.0,2000.0,salary,48000.0,18,14.0,10,2,0,0,0,0,0
47,wage,22300.0,500.0,emergency,53000.0,12,10.0,12,6,0,0,0,0,0
64,wage,13500.0,1900.0,emergency,29000.0,12,10.0,20,3,1,1,0,0,0
59,wage,27600.0,3400.0,salary,43000.0,6,14.0,23,5,0,1,0,1,0
47,wage,31200.0,8700.0,salary,48000.0,18,14.0,18,4,0,0,0,0,0
62,wage,39300.0,4900.0,salary,28000.0,6,14.0,24,10,1,0,1,2,0
50,other,17300.0,4200.0,regular,25000.0,36,12.0,3,3,0,0,0,0,0
63,wage,33400.0,2900.0,salary,125000.0,12,14.0,13,4,0,1,0,0,0
48,wage,40600.0,300.0,salary,76000.0,12,14.0,14,6,0,1,0,0,0
59,wage,10500.0,800.0,regular,28000.0,6,12.0,1,0,0,0,1,0,0
28,wage,29000.0,3000.0,salary,194000.0,18,14.0,14,5,1,0,1,0,0
64,informal,33900.0,3300.0,regular,138000.0,12,12.0,1,0,0,1,1,0,1
63,wage,19600.0,900.0,regular,189000.0,36,12.0,15,2,0,1,0,0,0
23,informal,12800.0,2500.0,salary,11000.0,6,14.0,5,1,0,1,0,0,0
65,informal,33600.0,9400.0,regular,179000.0,18,12.0,23,7,0,1,1,2,0
39,wage,12800.0,2900.0,regular,119000.0,36,12.0,8,1,0,0,1,1,0
28,self,20300.0,1900.0,regular,96000.0,36,12.0,15,4,0,1,0,1,0
53,other,21600.0,2700.0,salary,73000.0,24,14.0,15,8,2,1,0,0,0
32,wage,30400.0,1600.0,emergency,204000.0,12,10.0,21,5,0,1,0,0,0
51,wage,16600.0,4300.0,salary,115000.0,24,14.0,8,3,0,0,1,0,0
46,informal,16200.0,2900.0,salary,15000.0,6,14.0,8,7,2,0,1,1,0
50,informal,23000.0,4100.0,emergency,58000.0,12,10.0,17,1,0,0,0,0,0
62,wage,34600.0,24800.0,plan-backed,100000.0,36,8.0,1,0,0,0,1,0,1
52,self,61600.0,5700.0,salary,50000.0,12,14.0,13,3,0,1,1,1,0
47,wage,11200.0,1200.0,regular,33000.0,12,12.0,9,1,0,0,0,0,0
32,informal,25400.0,2200.0,plan-backed,49000.0,24,8.0,24,3,1,1,1,0,0
37,wage,13500.0,1400.0,emergency,15000.0,6,10.0,13,8,3,1,0,2,0
27,wage,34800.0,3200.0,regular,129000.0,24,12.0,19,4,1,1,0,1,0
38,self,14400.0,900.0,regular,32000.0,12,12.0,20,9,1,0,1,0,0
21,other,16200.0,3900.0,emergency,7000.0,6,10.0,3,2,0,1,1,1,0
39,informal,16900.0,5900.0,regular,19000.0,6,12.0,15,4,0,1,0,0,0
21,wage,21300.0,600.0,emergency,57000.0,6,10.0,16,5,0,1,0,1,0
62,wage,25400.0,6900.0,regular,95000.0,12,12.0,11,0,0,0,0,0,1
32,other,27300.0,13800.0,emergency,36000.0,6,10.0,4,1,0,1,0,0,0
55,other,21900.0,2900.0,regular,137000.0,36,12.0,11,5,0,1,0,1,0
27,wage,12100.0,2400.0,salary,11000.0,24,14.0,1,0,0,1,0,0,0
57,self,30500.0,1200.0,regular,80000.0,12,12.0,24,5,0,1,1,0,0
22,wage,21500.0,900.0,regular,25000.0,6,12.0,2,0,0,0,1,1,0
22,wage,37100.0,8100.0,regular,140000.0,36,12.0,3,1,0,1,1,1,1
33,wage,16000.0,4100.0,emergency,37000.0,12,10.0,3,0,0,1,0,0,0
34,wage,10700.0,700.0,emergency,43000.0,12,10.0,5,3,0,0,1,0,0
57,wage,21700.0,1100.0,emergency,76000.0,12,10.0,4,2,0,0,1,0,0
56,informal,39400.0,9200.0,regular,20000.0,6,12.0,15,2,0,0,1,0,0
44,wage,23700.0,7000.0,salary,60000.0,12,14.0,2,0,0,1,0,0,0
26,wage,20100.0,3700.0,emergency,43000.0,6,10.0,17,3,0,1,1,1,0
57,wage,14900.0,3600.0,regular,163000.0,24,12.0,10,2,0,0,0,1,0
32,wage,48500.0,4900.0,salary,173000.0,24,14.0,9,1,0,1,0,0,0
51,wage,13800.0,1300.0,salary,64000.0,18,14.0,12,3,1,1,0,0,0
58,self,15900.0,800.0,emergency,15000.0,12,10.0,0,0,0,0,0,0,0
32,wage,28400.0,5800.0,regular,170000.0,24,12.0,12,5,0,1,0,0,0
46,self,9500.0,1200.0,regular,101000.0,36,12.0,13,6,1,0,1,0,0
54,informal,39000.0,1800.0,emergency,89000.0,6,10.0,18,2,0,0,0,0,1
45,wage,29100.0,4000.0,regular,118000.0,12,12.0,3,0,0,0,0,1,1
38,informal,33000.0,6100.0,regular,85000.0,12,12.0,1,0,0,0,0,0,0
34,informal,28300.0,4900.0,plan-backed,244000.0,48,8.0,1,0,0,0,0,0,0
51,informal,20500.0,5200.0,salary,60000.0,12,14.0,23,5,2,0,1,0,1
25,self,13600.0,3400.0,regular,107000.0,24,12.0,8,2,0,0,1,0,0
46,self,20700.0,4400.0,regular,103000.0,18,12.0,5,2,0,1,0,1,0
59,self,14200.0,1600.0,salary,150000.0,24,14.0,3,2,0,1,0,0,0
31,self,27400.0,900.0,regular,236000.0,24,12.0,6,4,2,0,0,0,1
29,wage,31600.0,2600.0,regular,61000.0,6,12.0,10,2,0,1,1,0,0
46,other,42800.0,2300.0,regular,498000.0,36,12.0,24,9,0,1,0,1,0
44,self,26000.0,2900.0,salary,52000.0,24,14.0,19,9,2,1,0,0,0
27,informal,33400.0,3900.0,emergency,79000.0,6,10.0,21,12,2,1,0,1,0
47,wage,19200.0,3800.0,regular,59000.0,12,12.0,1,1,0,0,0,0,0
24,wage,17700.0,1400.0,regular,232000.0,36,12.0,14,7,1,0,0,1,0
42,wage,27200.0,4900.0,emergency,68000.0,12,10.0,12,0,0,1,0,0,0
23,wage,18500.0,3700.0,emergency,22000.0,6,10.0,4,4,1,1,0,0,0
57,wage,24800.0,3500.0,salary,182000.0,18,14.0,12,9,0,0,0,0,1
64,wage,13600.0,2400.0,regular,8000.0,6,12.0,14,4,1,1,1,0,0
21,wage,14800.0,4700.0,salary,46000.0,18,14.0,0,0,0,1,0,0,0
49,wage,29300.0,9100.0,plan-backed,359000.0,36,8.0,24,9,0,1,0,0,0
37,wage,32800.0,6300.0,emergency,46000.0,6,10.0,18,8,0,1,1,0,0
25,other,14100.0,2800.0,regular,41000.0,12,12.0,23,4,0,0,0,0,0
52,wage,29700.0,2600.0,salary,304000.0,24,14.0,2,0,0,1,1,0,1
60,wage,17300.0,2700.0,regular,83000.0,18,12.0,1,1,0,0,0,1,1
23,wage,22200.0,3000.0,regular,70000.0,12,12.0,23,10,2,0,0,1,1
27,wage,41600.0,6600.0,regular,94000.0,12,12.0,23,7,1,1,0,0,1
62,wage,31600.0,21000.0,plan-backed,19000.0,24,8.0,15,3,0,1,0,0,0
22,self,31500.0,9900.0,regular,10000.0,12,12.0,5,0,0,1,0,0,0
38,other,51900.0,26100.0,salary,300000.0,18,14.0,7,2,0,0,0,0,1
62,wage,16000.0,5400.0,emergency,24000.0,12,10.0,19,7,0,1,0,1,0
47,self,14100.0,3300.0,emergency,9000.0,12,10.0,23,6,1,0,1,0,0
29,wage,15900.0,5500.0,regular,38000.0,12,12.0,16,3,0,0,1,0,0
21,wage,19600.0,1800.0,emergency,42000.0,6,10.0,10,3,0,1,1,0,0
44,wage,7600.0,1500.0,regular,25000.0,18,12.0,20,5,1,0,0,0,0
45,wage,20000.0,3500.0,emergency,47000.0,12,10.0,6,1,0,1,1,0,0
43,self,17200.0,500.0,regular,205000.0,24,12.0,3,1,0,1,0,0,0
30,self,31300.0,10900.0,regular,59000.0,18,12.0,9,3,0,1,0,1,1
64,self,25800.0,13200.0,emergency,11000.0,6,10.0,11,3,0,0,0,1,1
36,wage,16800.0,1900.0,regular,107000.0,24,12.0,15,5,0,1,0,1,0
62,self,28700.0,2500.0,regular,16000.0,6,12.0,17,5,0,0,1,0,0
63,wage,30500.0,7800.0,plan-backed,52000.0,36,8.0,18,4,0,0,1,1,0
30,wage,15600.0,6400.0,regular,152000.0,36,12.0,5,4,0,1,1,1,0
53,wage,17600.0,700.0,regular,78000.0,24,12.0,16,3,1,1,1,0,0
42,self,8100.0,800.0,regular,49000.0,18,12.0,1,1,0,1,0,0,0
50,other,13500.0,3500.0,regular,68000.0,36,12.0,23,12,3,1,0,0,0
45,wage,15800.0,1200.0,salary,20000.0,18,14.0,11,0,0,1,0,0,0
65,self,22700.0,2800.0,regular,39000.0,18,12.0,23,6,2,0,0,0,0
47,informal,14400.0,800.0,emergency,71000.0,12,10.0,21,7,0,1,1,0,0
29,informal,17500.0,5600.0,emergency,29000.0,6,10.0,4,2,0,0,0,0,1
59,wage,12700.0,1800.0,regular,77000.0,24,12.0,2,2,0,0,1,1,0
23,self,23800.0,4800.0,plan-backed,163000.0,36,8.0,22,5,0,1,1,0,0
53,self,26600.0,2900.0,plan-backed,68000.0,24,8.0,12,3,0,0,1,2,0
55,informal,26400.0,2800.0,regular,39000.0,6,12.0,2,0,0,1,0,1,0
45,wage,22100.0,8000.0,regular,270000.0,24,12.0,15,5,1,1,0,0,0
22,informal,11000.0,2700.0,regular,18000.0,12,12.0,23,6,1,0,0,0,0
36,wage,16600.0,500.0,regular,235000.0,36,12.0,15,9,1,0,1,0,0
56,informal,18300.0,6300.0,emergency,76000.0,12,10.0,6,3,0,0,0,0,1
59,wage,18300.0,300.0,emergency,54000.0,6,10.0,8,4,1,1,0,0,0
43,wage,22800.0,6300.0,regular,204000.0,18,12.0,6,3,1,1,0,0,1
42,wage,41800.0,4200.0,regular,34000.0,6,12.0,13,12,1,0,0,1,0
31,wage,31700.0,1900.0,regular,41000.0,18,12.0,10,3,0,0,1,0,0
42,wage,14100.0,1600.0,plan-backed,32000.0,6,8.0,8,1,0,0,0,1,0
49,wage,29900.0,3800.0,plan-backed,464000.0,60,8.0,4,2,0,1,1,1,0
63,wage,29300.0,3800.0,regular,64000.0,24,12.0,0,0,0,1,1,1,0
43,wage,15300.0,3400.0,salary,38000.0,6,14.0,20,6,0,1,1,0,0
24,informal,32200.0,3200.0,emergency,121000.0,12,10.0,20,5,1,0,0,1,0
29,informal,20500.0,4100.0,salary,31000.0,6,14.0,3,1,0,1,0,0,0
43,self,11700.0,2700.0,emergency,12000.0,12,10.0,5,0,0,0,1,0,0
57,wage,27000.0,1300.0,salary,75000.0,6,14.0,10,1,0,0,0,0,0
47,wage,24300.0,10800.0,regular,86000.0,6,12.0,14,5,0,0,1,0,0
34,informal,19900.0,6800.0,regular,55000.0,12,12.0,22,7,2,0,1,0,0
63,wage,21600.0,5700.0,plan-backed,100000.0,18,8.0,17,9,1,1,0,0,0
32,wage,15900.0,400.0,regular,68000.0,24,12.0,15,7,1,1,0,0,0
21,other,29000.0,700.0,regular,283000.0,36,12.0,18,7,1,0,1,0,0
52,other,21600.0,11600.0,salary,16000.0,24,14.0,15,6,1,1,1,0,1
23,wage,23700.0,1200.0,salary,83000.0,18,14.0,23,9,0,0,0,0,0
39,self,25800.0,4900.0,salary,159000.0,18,14.0,24,10,3,1,0,0,0
27,wage,13100.0,1500.0,salary,24000.0,12,14.0,11,1,0,1,1,0,0
36,informal,14700.0,6200.0,salary,74000.0,12,14.0,0,0,0,0,1,0,1
36,wage,8100.0,3100.0,regular,125000.0,36,12.0,24,8,1,1,0,1,0
46,wage,28400.0,5800.0,emergency,143000.0,12,10.0,7,1,0,1,0,0,0
64,self,12800.0,4900.0,salary,49000.0,18,14.0,6,4,0,0,0,0,1
50,wage,23400.0,9400.0,salary,49000.0,6,14.0,3,1,0,0,1,0,0
27,self,26000.0,1200.0,regular,73000.0,18,12.0,19,9,3,1,0,2,0
26,wage,28800.0,6000.0,regular,397000.0,24,12.0,4,0,0,1,0,0,0
36,informal,12800.0,800.0,salary,13000.0,12,14.0,24,10,2,0,1,0,0
61,informal,21400.0,1000.0,regular,262000.0,24,12.0,5,1,0,0,1,1,0
40,wage,46600.0,14300.0,regular,500000.0,36,12.0,1,1,0,1,1,0,0
37,informal,47600.0,8700.0,salary,33000.0,6,14.0,15,4,0,0,1,0,0
32,wage,34300.0,10700.0,emergency,156000.0,12,10.0,5,1,0,1,0,0,0
29,wage,25600.0,600.0,regular,199000.0,36,12.0,6,1,0,1,0,0,0
43,wage,14000.0,1600.0,regular,48000.0,18,12.0,2,1,0,0,0,0,0
26,informal,30400.0,12100.0,regular,128000.0,24,12.0,16,8,1,1,0,0,1
42,informal,20500.0,3200.0,salary,26000.0,6,14.0,5,1,0,0,0,0,0
61,informal,28300.0,5900.0,emergency,47000.0,6,10.0,18,8,1,0,1,0,0
27,informal,16500.0,500.0,regular,54000.0,6,12.0,6,3,0,1,0,1,1
23,other,20400.0,3800.0,regular,21000.0,24,12.0,10,4,0,1,1,0,0
28,wage,23700.0,700.0,regular,64000.0,36,12.0,12,7,2,0,0,0,0
52,other,24600.0,8900.0,regular,39000.0,24,12.0,13,2,0,0,1,0,0
23,self,27500.0,5100.0,regular,249000.0,24,12.0,20,10,0,1,0,1,0
21,wage,17000.0,1600.0,emergency,29000.0,6,10.0,3,1,0,1,1,1,0
24,self,12000.0,6200.0,regular,40000.0,36,12.0,5,3,1,1,0,0,1
60,wage,45700.0,14000.0,regular,63000.0,6,12.0,18,4,0,1,0,1,0
21,wage,67400.0,11400.0,emergency,250000.0,12,10.0,21,11,0,1,1,1,0
61,wage,26900.0,5300.0,regular,64000.0,24,12.0,10,4,0,1,0,0,0
47,wage,12100.0,1000.0,regular,93000.0,36,12.0,0,0,0,1,1,0,0
33,wage,15500.0,8900.0,regular,135000.0,36,12.0,20,8,0,0,1,0,0
61,informal,27700.0,2500.0,regular,14000.0,18,12.0,15,7,2,1,0,1,0
23,self,40200.0,3100.0,regular,241000.0,18,12.0,13,9,1,1,0,0,0
29,wage,12700.0,2300.0,salary,67000.0,12,14.0,9,3,1,0,0,0,0
22,wage,20800.0,4000.0,regular,115000.0,18,12.0,17,6,0,0,0,0,1
34,wage,24000.0,4500.0,salary,65000.0,18,14.0,7,2,0,1,1,0,1
64,wage,32500.0,12300.0,salary,128000.0,18,14.0,8,4,0,0,0,0,1
45,informal,18800.0,2300.0,regular,44000.0,18,12.0,19,7,0,1,0,1,0
49,wage,10900.0,200.0,regular,57000.0,18,12.0,9,5,1,0,1,1,0
30,self,29100.0,11000.0,regular,78000.0,6,12.0,23,7,0,1,1,1,0
63,informal,36500.0,10400.0,regular,35000.0,6,12.0,10,3,0,1,0,1,0
63,self,21200.0,5500.0,emergency,36000.0,6,10.0,14,4,1,1,0,2,0
42,informal,26400.0,14900.0,regular,71000.0,12,12.0,15,6,3,1,0,0,0
41,wage,17800.0,2300.0,salary,88000.0,18,14.0,17,14,4,0,1,0,1
57,informal,15000.0,3900.0,emergency,66000.0,12,10.0,12,5,0,0,0,1,1
40,self,34900.0,1600.0,salary,134000.0,18,14.0,9,4,1,0,1,0,0
63,informal,26200.0,9000.0,salary,61000.0,24,14.0,20,10,2,1,0,0,0
34,self,27400.0,3100.0,emergency,53000.0,12,10.0,17,3,1,0,1,0,0
32,informal,43200.0,1600.0,plan-backed,497000.0,60,8.0,1,0,0,1,0,0,0
29,other,13700.0,2100.0,plan-backed,218000.0,60,8.0,15,1,0,0,0,0,0
25,wage,17200.0,4800.0,regular,52000.0,6,12.0,22,6,0,1,1,1,0
60,informal,23600.0,6400.0,regular,278000.0,24,12.0,13,6,2,1,1,1,1
33,self,17100.0,2200.0,regular,24000.0,18,12.0,23,7,2,1,0,0,0
44,wage,31300.0,10400.0,regular,367000.0,36,12.0,9,2,0,0,0,1,0
45,informal,20200.0,5100.0,emergency,58000.0,12,10.0,6,0,0,1,0,0,0
26,wage,14100.0,1900.0,regular,55000.0,6,12.0,12,9,2,0,0,0,0
52,self,22700.0,4800.0,emergency,30000.0,6,10.0,2,0,0,1,0,0,0
28,wage,23800.0,10500.0,salary,5000.0,6,14.0,1,0,0,1,0,0,0
64,wage,33500.0,6700.0,regular,92000.0,12,12.0,14,7,2,0,0,0,0
43,informal,26300.0,6800.0,emergency,54000.0,6,10.0,0,0,0,0,0,1,1
56,wage,27100.0,2400.0,regular,133000.0,24,12.0,1,0,0,1,1,0,0
45,wage,25400.0,1000.0,salary,110000.0,12,14.0,11,2,0,0,1,0,0
24,wage,20200.0,8000.0,emergency,11000.0,12,10.0,5,3,0,0,1,0,0
57,wage,15900.0,7000.0,regular,69000.0,36,12.0,4,0,0,1,0,0,0
62,informal,25100.0,7800.0,salary,81000.0,18,14.0,12,2,0,1,1,0,1
45,informal,18900.0,600.0,regular,54000.0,18,12.0,8,3,0,1,1,0,0
59,wage,47100.0,3000.0,salary,68000.0,12,14.0,15,5,0,1,0,0,0
35,self,40200.0,18100.0,emergency,52000.0,12,10.0,10,2,0,1,0,1,0
30,wage,29200.0,2400.0,regular,202000.0,18,12.0,4,1,0,0,1,0,0
54,self,26100.0,7300.0,salary,156000.0,24,14.0,17,6,0,0,0,1,0
61,wage,21100.0,9600.0,salary,7000.0,6,14.0,23,8,1,1,1,1,0
34,wage,12500.0,100.0,salary,19000.0,6,14.0,18,6,0,1,0,0,0
31,wage,20000.0,2200.0,emergency,22000.0,6,10.0,4,0,0,1,0,0,0
31,self,23000.0,2500.0,salary,109000.0,18,14.0,13,1,0,1,1,0,0
44,wage,24400.0,3200.0,regular,251000.0,18,12.0,3,2,0,0,0,1,0
51,wage,27200.0,1600.0,salary,35000.0,12,14.0,0,0,0,1,0,0,0
55,informal,33300.0,5300.0,salary,55000.0,12,14.0,4,2,0,1,0,1,0
27,self,16100.0,5000.0,regular,52000.0,24,12.0,20,7,0,0,1,0,1
25,wage,16200.0,5200.0,regular,76000.0,36,12.0,23,4,0,1,0,0,1
53,informal,42300.0,11200.0,regular,82000.0,36,12.0,14,5,0,0,1,0,0
52,informal,31100.0,5800.0,regular,145000.0,18,12.0,21,7,3,1,0,0,0
39,wage,18500.0,5300.0,regular,59000.0,24,12.0,10,4,1,0,1,1,0
44,self,21000.0,10600.0,regular,29000.0,6,12.0,0,0,0,1,0,0,0
28,wage,21000.0,8500.0,emergency,41000.0,12,10.0,22,12,0,0,0,0,0
43,self,22300.0,9700.0,regular,85000.0,6,12.0,18,6,1,1,1,0,0
35,wage,27200.0,15300.0,regular,93000.0,12,12.0,16,4,0,1,0,0,0
48,self,68800.0,28500.0,salary,327000.0,18,14.0,1,0,0,1,0,0,0
64,wage,24000.0,8000.0,regular,251000.0,36,12.0,24,7,1,1,0,0,0
24,wage,29600.0,2600.0,regular,51000.0,6,12.0,1,0,0,1,0,0,0
62,other,10300.0,600.0,salary,108000.0,18,14.0,0,0,0,1,1,0,0
26,wage,17700.0,2400.0,plan-backed,63000.0,12,8.0,1,0,0,1,1,0,0
28,informal,38200.0,11100.0,emergency,37000.0,6,10.0,23,8,0,0,1,0,1
28,other,26400.0,7600.0,regular,84000.0,18,12.0,20,3,0,0,0,0,1
21,informal,6000.0,600.0,regular,44000.0,18,12.0,2,1,0,0,0,0,0
27,wage,29800.0,2300.0,plan-backed,44000.0,12,8.0,10,3,0,0,1,0,0
56,informal,52200.0,4300.0,salary,33000.0,24,14.0,13,4,0,1,0,0,0
41,wage,9000.0,3400.0,salary,22000.0,18,14.0,13,1,0,1,1,0,1
40,wage,43600.0,5300.0,salary,219000.0,12,14.0,5,2,0,0,0,0,0
48,informal,6300.0,1400.0,regular,35000.0,18,12.0,0,0,0,1,0,0,1
30,self,33600.0,3400.0,regular,196000.0,18,12.0,0,0,0,0,1,0,1
27,wage,21900.0,3300.0,salary,11000.0,6,14.0,22,5,0,1,1,0,0
37,wage,7600.0,800.0,salary,9000.0,18,14.0,15,4,0,1,0,0,0
54,informal,26900.0,7500.0,regular,69000.0,24,12.0,24,8,2,0,1,0,0
28,self,36900.0,8800.0,emergency,73000.0,6,10.0,21,11,2,1,0,0,1
59,wage,25900.0,2100.0,regular,140000.0,18,12.0,5,2,0,0,0,0,0
21,informal,28600.0,9700.0,plan-backed,72000.0,60,8.0,2,1,0,1,0,0,0
25,wage,18300.0,400.0,regular,113000.0,24,12.0,16,4,1,1,0,0,0
35,wage,9500.0,2600.0,salary,43000.0,12,14.0,5,1,0,0,1,1,0
28,self,30000.0,5200.0,regular,110000.0,6,12.0,16,9,1,0,1,0,0
40,other,48300.0,12300.0,emergency,117000.0,12,10.0,24,3,1,1,1,1,0
37,wage,36600.0,8900.0,salary,56000.0,18,14.0,24,9,1,1,0,1,0
43,wage,9000.0,800.0,regular,35000.0,24,12.0,6,2,0,1,1,1,1
50,wage,11100.0,1600.0,salary,31000.0,12,14.0,12,4,0,1,0,1,0
30,informal,15000.0,1800.0,salary,54000.0,6,14.0,17,6,1,1,0,0,0
24,wage,10700.0,400.0,salary,12000.0,12,14.0,5,2,0,0,0,0,0
23,wage,22400.0,800.0,regular,224000.0,24,12.0,14,5,0,1,0,0,0
36,other,26300.0,1000.0,salary,66000.0,12,14.0,9,1,0,1,0,0,0
56,wage,11600.0,1700.0,emergency,41000.0,12,10.0,14,2,0,0,1,0,1
65,self,31200.0,6500.0,emergency,85000.0,12,10.0,15,3,1,0,0,0,0
56,wage,28800.0,4300.0,emergency,144000.0,6,10.0,21,4,0,1,1,0,0
44,informal,17200.0,6300.0,emergency,25000.0,6,10.0,11,4,1,0,1,1,1
44,wage,20400.0,6100.0,regular,15000.0,12,12.0,7,2,0,0,0,1,0
28,wage,9100.0,2900.0,regular,75000.0,36,12.0,1,0,0,1,0,0,0
34,wage,18900.0,1300.0,regular,71000.0,18,12.0,17,7,1,0,1,0,0
48,self,22100.0,10300.0,regular,109000.0,36,12.0,20,8,2,1,0,0,0
22,informal,23700.0,6900.0,regular,109000.0,36,12.0,10,3,1,0,0,1,1
37,wage,26100.0,1600.0,regular,140000.0,18,12.0,21,9,1,0,0,0,0
50,wage,24600.0,2200.0,salary,76000.0,6,14.0,11,4,0,0,0,1,0
61,informal,19500.0,7100.0,emergency,15000.0,6,10.0,11,4,2,0,0,1,0
59,wage,25000.0,800.0,regular,58000.0,18,12.0,1,0,0,1,0,0,0
63,wage,34500.0,9500.0,salary,135000.0,12,14.0,13,7,2,0,1,0,0
49,self,21100.0,4200.0,plan-backed,49000.0,6,8.0,14,6,2,0,0,0,0
31,wage,25400.0,7000.0,salary,226000.0,24,14.0,12,8,1,1,0,0,0
31,wage,20200.0,5400.0,salary,30000.0,12,14.0,13,5,0,1,0,1,0
62,wage,16400.0,300.0,plan-backed,167000.0,36,8.0,13,3,0,1,0,0,0
52,wage,27800.0,10500.0,emergency,96000.0,12,10.0,17,5,1,1,0,0,0
55,wage,17100.0,3600.0,plan-backed,91000.0,24,8.0,2,0,0,1,1,0,0
43,self,26200.0,8900.0,plan-backed,368000.0,36,8.0,13,1,0,0,0,0,0
28,self,22300.0,800.0,regular,37000.0,6,12.0,10,3,0,1,1,0,0
47,wage,19200.0,2500.0,salary,30000.0,18,14.0,8,1,0,1,1,0,0
58,informal,19000.0,1400.0,salary,193000.0,24,14.0,11,4,0,0,0,0,0
31,wage,17500.0,8400.0,salary,29000.0,24,14.0,16,2,0,0,1,0,0
29,informal,10500.0,4000.0,salary,15000.0,6,14.0,24,4,0,0,0,0,1
41,wage,26100.0,2200.0,regular,134000.0,12,12.0,5,1,0,0,1,0,0
21,informal,24400.0,5700.0,regular,31000.0,6,12.0,1,1,0,0,1,0,1
25,wage,32200.0,1000.0,emergency,42000.0,12,10.0,8,3,0,0,0,0,0
56,wage,17300.0,1400.0,salary,39000.0,12,14.0,7,2,0,1,1,0,0
59,wage,51600.0,18600.0,salary,340000.0,18,14.0,1,1,0,0,0,0,1
36,wage,18500.0,300.0,salary,25000.0,12,14.0,12,4,2,1,1,0,0
24,wage,14800.0,2600.0,salary,82000.0,18,14.0,12,6,1,0,0,0,0
62,self,14100.0,2400.0,plan-backed,235000.0,60,8.0,21,11,1,0,0,0,0
62,informal,10100.0,4500.0,regular,23000.0,12,12.0,17,4,0,0,0,0,0
40,wage,43800.0,6000.0,plan-backed,394000.0,48,8.0,11,4,0,0,1,0,0
63,informal,40800.0,25000.0,regular,220000.0,12,12.0,16,8,1,0,0,0,1
48,informal,28800.0,3500.0,emergency,89000.0,6,10.0,7,4,2,0,1,0,1
51,informal,14700.0,1100.0,regular,27000.0,6,12.0,3,0,0,1,0,0,0
54,self,49700.0,5300.0,emergency,126000.0,6,10.0,13,6,1,1,1,1,0
32,self,18800.0,1300.0,regular,68000.0,18,12.0,12,5,1,0,1,0,0
58,wage,19500.0,4700.0,regular,8000.0,24,12.0,7,5,0,0,1,1,0
27,self,42000.0,13200.0,emergency,18000.0,12,10.0,22,8,1,1,1,1,0
28,informal,29600.0,1700.0,salary,239000.0,18,14.0,13,3,0,1,0,0,0
25,wage,59200.0,17400.0,regular,264000.0,18,12.0,14,4,1,1,0,0,0
30,wage,24600.0,1500.0,salary,81000.0,6,14.0,17,4,2,0,1,1,0
55,wage,18400.0,9900.0,regular,323000.0,36,12.0,7,2,0,0,1,0,1
60,other,16700.0,1500.0,regular,54000.0,12,12.0,13,4,0,1,1,0,0
26,wage,9600.0,1100.0,regular,25000.0,24,12.0,22,6,0,1,0,0,0
34,self,19400.0,700.0,emergency,13000.0,12,10.0,15,5,0,1,1,0,0
31,informal,36800.0,11000.0,salary,252000.0,24,14.0,21,10,2,1,1,0,0
49,other,28800.0,2400.0,emergency,65000.0,12,10.0,0,0,0,1,0,1,0
59,wage,22200.0,4100.0,salary,69000.0,18,14.0,18,5,1,0,0,0,0
24,informal,14100.0,4600.0,emergency,27000.0,12,10.0,16,3,0,0,1,0,1
36,informal,24400.0,17600.0,salary,57000.0,6,14.0,22,9,0,1,0,0,1
51,wage,34700.0,15100.0,plan-backed,57000.0,6,8.0,24,7,0,1,0,0,0
61,informal,26700.0,2200.0,regular,59000.0,18,12.0,3,0,0,0,0,0,1
29,wage,23700.0,9100.0,regular,82000.0,24,12.0,12,0,0,1,1,0,0
43,self,15400.0,1100.0,regular,75000.0,24,12.0,23,7,1,1,0,1,0
56,wage,32500.0,100.0,emergency,49000.0,6,10.0,20,6,0,1,0,0,0
58,wage,6000.0,300.0,emergency,29000.0,12,10.0,2,0,0,0,0,0,0
54,wage,26100.0,5300.0,regular,151000.0,36,12.0,13,4,1,1,1,0,0
55,wage,69900.0,5200.0,salary,44000.0,6,14.0,8,5,0,0,0,0,0
47,wage,11200.0,8000.0,plan-backed,20000.0,18,8.0,17,7,1,0,0,0,0
22,self,19700.0,3000.0,regular,54000.0,36,12.0,12,4,0,1,0,0,0
27,wage,21900.0,5100.0,regular,42000.0,6,12.0,7,2,0,0,0,0,0
57,wage,17900.0,5700.0,regular,145000.0,12,12.0,10,5,0,0,0,0,1
32,self,35100.0,4600.0,regular,184000.0,18,12.0,24,10,2,0,1,0,0
52,self,27200.0,1600.0,salary,159000.0,18,14.0,9,3,0,1,0,2,0
22,wage,23600.0,2700.0,emergency,33000.0,6,10.0,5,1,0,1,1,1,0
47,other,31500.0,7900.0,regular,95000.0,24,12.0,2,0,0,0,0,1,0
35,wage,22200.0,11300.0,emergency,15000.0,6,10.0,3,2,0,1,0,0,0
47,informal,92000.0,27700.0,regular,209000.0,12,12.0,1,0,0,0,0,1,0
38,wage,23600.0,3000.0,regular,189000.0,18,12.0,1,0,0,0,0,0,0
54,self,24000.0,1200.0,regular,35000.0,6,12.0,13,2,0,0,1,0,1
41,other,10200.0,2600.0,emergency,36000.0,12,10.0,13,4,1,0,1,1,0
56,informal,17200.0,700.0,emergency,64000.0,12,10.0,19,10,0,0,0,0,1
65,self,36900.0,5300.0,salary,44000.0,24,14.0,15,3,0,0,0,2,0
39,self,12100.0,2100.0,regular,22000.0,12,12.0,4,2,1,1,0,0,0
53,wage,8300.0,400.0,salary,19000.0,12,14.0,16,5,1,1,0,2,0
41,self,22300.0,3200.0,regular,187000.0,36,12.0,11,4,0,1,1,0,0
38,informal,40800.0,4300.0,regular,49000.0,6,12.0,4,2,0,1,0,1,0
52,other,22400.0,4500.0,salary,122000.0,12,14.0,16,5,0,1,0,0,0
59,wage,18900.0,4200.0,salary,42000.0,12,14.0,16,7,1,0,0,1,0
34,wage,9500.0,900.0,regular,20000.0,18,12.0,10,3,1,0,0,1,0
37,self,27000.0,6000.0,emergency,54000.0,6,10.0,4,1,0,1,0,0,0
39,wage,29600.0,6100.0,salary,147000.0,18,14.0,0,0,0,0,0,1,1
37,wage,9900.0,400.0,plan-backed,61000.0,12,8.0,18,8,3,0,1,0,0
29,wage,36700.0,16200.0,emergency,217000.0,12,10.0,3,1,0,0,0,0,0
23,self,31100.0,8700.0,regular,67000.0,36,12.0,6,3,0,0,1,1,0
33,wage,36600.0,4700.0,emergency,76000.0,6,10.0,16,9,1,0,0,0,0
54,wage,28600.0,7400.0,regular,388000.0,36,12.0,10,4,1,0,1,0,0
62,wage,29500.0,11100.0,regular,55000.0,12,12.0,20,3,0,1,0,0,0
30,informal,27800.0,11300.0,emergency,86000.0,6,10.0,9,2,0,1,0,0,0
39,self,32500.0,1800.0,salary,76000.0,12,14.0,22,6,0,1,0,1,0
31,wage,9700.0,2900.0,regular,22000.0,24,12.0,9,3,0,0,1,1,0
59,wage,11200.0,1500.0,salary,47000.0,24,14.0,2,0,0,0,0,0,0
36,self,15800.0,4500.0,salary,49000.0,18,14.0,18,9,1,0,1,1,0
26,wage,20800.0,5400.0,salary,93000.0,24,14.0,16,8,1,0,1,0,0
57,self,26200.0,300.0,regular,118000.0,12,12.0,24,10,0,1,0,0,0
28,wage,25500.0,9400.0,regular,56000.0,36,12.0,2,1,0,1,0,1,0
59,informal,36400.0,4700.0,regular,244000.0,24,12.0,13,0,0,0,1,2,0
45,wage,36900.0,16100.0,regular,32000.0,6,12.0,17,2,0,0,0,0,0
45,self,14900.0,2900.0,regular,7000.0,6,12.0,10,1,0,1,0,0,0
42,wage,24500.0,1800.0,regular,69000.0,12,12.0,6,2,0,1,0,0,1
62,other,15000.0,1000.0,regular,35000.0,6,12.0,7,3,0,0,0,0,1
29,other,20200.0,1400.0,regular,21000.0,12,12.0,0,0,0,1,0,0,0
40,self,25400.0,10200.0,plan-backed,398000.0,60,8.0,15,7,0,1,1,0,0
23,wage,6000.0,1900.0,salary,5000.0,6,14.0,19,3,0,1,0,0,0
48,wage,65100.0,6200.0,regular,408000.0,24,12.0,11,1,0,0,1,0,0
49,informal,28400.0,4700.0,plan-backed,400000.0,60,8.0,0,0,0,1,0,0,0
62,self,16800.0,800.0,regular,42000.0,12,12.0,19,5,0,0,0,0,0
50,wage,52400.0,2400.0,regular,324000.0,24,12.0,22,7,0,1,0,1,0
44,wage,18800.0,3100.0,salary,10000.0,12,14.0,15,6,0,1,0,0,0
51,wage,23400.0,4500.0,regular,16000.0,12,12.0,2,0,0,1,0,0,0
41,informal,17700.0,2600.0,regular,39000.0,36,12.0,10,1,0,1,0,1,0
63,self,46300.0,3500.0,regular,180000.0,24,12.0,14,5,0,0,0,0,1
22,self,21000.0,3800.0,emergency,61000.0,6,10.0,23,5,0,0,0,0,0
36,self,23500.0,5000.0,emergency,70000.0,12,10.0,12,5,1,0,1,0,0
60,wage,37800.0,1300.0,regular,386000.0,36,12.0,0,0,0,0,0,1,0
50,wage,28600.0,3800.0,regular,114000.0,24,12.0,17,2,0,1,0,1,0
29,wage,21500.0,3100.0,regular,33000.0,36,12.0,17,5,0,1,0,0,0
54,informal,36300.0,8100.0,emergency,42000.0,6,10.0,5,0,0,1,0,0,0
41,wage,68900.0,800.0,regular,205000.0,12,12.0,10,5,0,1,0,0,0
48,wage,25400.0,1400.0,salary,54000.0,6,14.0,1,1,0,1,0,0,0
56,wage,23200.0,7800.0,salary,81000.0,18,14.0,3,1,0,1,0,0,0
54,wage,23800.0,1200.0,regular,102000.0,36,12.0,7,1,0,1,0,0,0
44,self,39700.0,1100.0,salary,47000.0,18,14.0,2,0,0,1,0,0,0
56,wage,16800.0,4900.0,regular,86000.0,18,12.0,6,1,0,1,0,0,0
56,wage,19400.0,2900.0,regular,59000.0,24,12.0,16,10,1,1,0,1,0
45,informal,11000.0,2400.0,regular,10000.0,6,12.0,9,5,1,1,0,0,0
58,wage,12900.0,2600.0,emergency,21000.0,6,10.0,3,0,0,1,0,0,0
39,wage,17400.0,4200.0,salary,99000.0,18,14.0,15,6,0,1,0,0,1
59,wage,21500.0,7900.0,plan-backed,24000.0,6,8.0,21,12,2,0,0,0,0
55,informal,48800.0,4900.0,regular,114000.0,36,12.0,14,6,0,0,0,0,0
24,wage,28000.0,3000.0,regular,25000.0,6,12.0,7,3,0,1,0,0,0
41,informal,14600.0,2600.0,emergency,41000.0,12,10.0,20,11,0,1,1,0,0
30,other,15900.0,2400.0,regular,69000.0,24,12.0,8,3,0,1,1,0,0
30,self,40800.0,14700.0,regular,173000.0,36,12.0,0,0,0,1,1,0,0
61,wage,36500.0,11600.0,plan-backed,133000.0,48,8.0,16,1,0,1,1,0,0
57,self,22300.0,6700.0,salary,94000.0,18,14.0,17,9,0,1,1,0,0
32,wage,18000.0,3000.0,plan-backed,139000.0,48,8.0,5,4,1,1,0,0,0
48,wage,36500.0,9100.0,regular,166000.0,12,12.0,9,3,0,1,1,0,0
52,wage,14100.0,5000.0,regular,13000.0,18,12.0,0,0,0,0,0,0,1
28,wage,26200.0,3900.0,regular,140000.0,36,12.0,11,5,1,1,0,0,1
44,wage,61200.0,11100.0,plan-backed,100000.0,6,8.0,11,4,2,1,0,1,0
50,wage,24100.0,2700.0,regular,60000.0,12,12.0,6,3,1,0,0,1,0
63,wage,15500.0,1400.0,regular,26000.0,6,12.0,13,8,1,1,1,0,0
42,wage,26500.0,3700.0,regular,68000.0,18,12.0,16,8,2,1,0,0,0
32,self,17800.0,400.0,salary,55000.0,24,14.0,11,4,1,1,0,0,0
43,other,11700.0,2600.0,salary,29000.0,6,14.0,19,5,1,0,0,1,0
57,wage,30200.0,1600.0,salary,129000.0,18,14.0,11,3,0,0,1,1,0
28,self,36400.0,6900.0,regular,210000.0,18,12.0,10,3,1,0,0,0,1
39,wage,19100.0,1400.0,salary,158000.0,24,14.0,16,5,1,0,1,1,0
25,wage,18600.0,5200.0,regular,45000.0,12,12.0,4,0,0,0,0,0,0
31,wage,14300.0,5100.0,regular,25000.0,6,12.0,21,6,0,1,0,0,0
25,wage,20600.0,600.0,regular,21000.0,6,12.0,15,3,0,0,1,0,0
43,wage,17100.0,6000.0,emergency,44000.0,6,10.0,9,6,1,0,1,0,0
52,wage,14000.0,1700.0,regular,5000.0,18,12.0,5,2,0,1,0,1,0
45,wage,51500.0,4800.0,plan-backed,247000.0,60,8.0,19,5,0,1,0,0,0
26,wage,27100.0,1200.0,emergency,51000.0,6,10.0,0,0,0,1,0,2,0
25,wage,28500.0,5000.0,regular,63000.0,6,12.0,1,0,0,1,0,1,1
41,wage,32700.0,7600.0,salary,152000.0,18,14.0,15,2,0,0,0,0,0
29,wage,31100.0,4900.0,salary,47000.0,6,14.0,12,7,0,0,1,0,0
27,wage,18300.0,6500.0,regular,51000.0,12,12.0,4,1,0,1,0,0,0
61,wage,24900.0,10800.0,emergency,95000.0,12,10.0,9,2,0,1,0,0,0
37,wage,19500.0,5300.0,regular,53000.0,12,12.0,19,3,0,1,1,0,0
50,wage,26800.0,8100.0,regular,151000.0,18,12.0,11,6,1,1,1,0,0
40,wage,25700.0,9600.0,salary,98000.0,12,14.0,13,3,1,1,1,0,0
52,other,18500.0,3400.0,emergency,71000.0,12,10.0,2,0,0,0,0,0,0
36,wage,12100.0,2100.0,regular,50000.0,12,12.0,18,12,0,0,0,0,0
36,wage,23500.0,4400.0,regular,131000.0,36,12.0,3,0,0,1,0,0,0
60,wage,20100.0,1400.0,emergency,56000.0,12,10.0,5,3,1,1,0,1,0
45,other,9400.0,3600.0,regular,44000.0,24,12.0,7,3,0,0,0,1,0
55,self,27600.0,9700.0,plan-backed,96000.0,12,8.0,10,4,0,0,0,0,1
22,self,34000.0,2500.0,emergency,12000.0,6,10.0,6,5,1,0,0,1,1
35,other,68600.0,23100.0,salary,280000.0,18,14.0,20,8,0,1,0,0,0
27,wage,18400.0,1200.0,regular,113000.0,18,12.0,9,1,0,1,1,1,0
22,other,17300.0,1600.0,salary,65000.0,12,14.0,0,0,0,1,1,1,0
64,wage,13400.0,1600.0,regular,129000.0,36,12.0,11,3,1,1,1,0,0
57,self,24200.0,1600.0,regular,79000.0,12,12.0,3,1,0,1,0,0,0
30,wage,24100.0,9700.0,regular,128000.0,18,12.0,5,2,0,0,0,0,1
33,wage,15300.0,3800.0,regular,36000.0,24,12.0,14,6,0,0,0,0,0
43,other,20300.0,900.0,plan-backed,430000.0,60,8.0,15,1,0,0,1,0,0
34,wage,9000.0,2600.0,salary,7000.0,24,14.0,16,5,0,1,1,1,0
62,other,33400.0,5900.0,emergency,159000.0,12,10.0,9,7,0,1,1,2,1
42,wage,15600.0,3200.0,emergency,5000.0,6,10.0,20,5,0,1,0,0,0
50,self,21700.0,8900.0,emergency,64000.0,6,10.0,1,0,0,1,0,1,1
52,other,11600.0,2100.0,emergency,42000.0,12,10.0,9,1,0,1,1,1,0
28,wage,16900.0,1900.0,salary,65000.0,18,14.0,6,1,0,1,0,0,0
45,informal,19400.0,6400.0,emergency,32000.0,6,10.0,1,0,0,1,1,0,1
41,self,21900.0,1000.0,salary,85000.0,18,14.0,14,3,0,1,1,0,0
53,self,27300.0,6900.0,regular,14000.0,36,12.0,1,0,0,0,1,0,0
41,wage,42000.0,4500.0,plan-backed,57000.0,6,8.0,15,8,1,1,1,0,0
23,wage,30600.0,7200.0,regular,271000.0,36,12.0,21,2,0,0,0,0,0
42,self,33900.0,9100.0,regular,203000.0,12,12.0,19,9,0,0,0,1,0
59,wage,42200.0,11400.0,salary,114000.0,12,14.0,17,4,0,1,0,0,0
58,wage,28400.0,900.0,regular,111000.0,24,12.0,6,3,0,1,1,0,1
32,wage,21600.0,5700.0,regular,8000.0,12,12.0,16,2,0,0,0,0,0
46,informal,34600.0,6700.0,regular,33000.0,6,12.0,14,7,1,1,0,0,0
50,wage,35700.0,10800.0,regular,232000.0,36,12.0,12,3,1,1,1,0,0
55,self,29500.0,6600.0,plan-backed,166000.0,18,8.0,11,3,0,1,0,0,0
35,other,11400.0,600.0,salary,8000.0,6,14.0,3,0,0,0,1,0,0
37,wage,15100.0,2200.0,emergency,73000.0,12,10.0,21,7,0,1,1,0,0
60,wage,19400.0,4500.0,plan-backed,63000.0,12,8.0,20,4,1,1,0,1,0
52,self,31200.0,11900.0,emergency,76000.0,12,10.0,18,6,0,0,0,0,0
27,wage,21800.0,800.0,salary,57000.0,6,14.0,13,6,1,1,0,0,0
40,self,36700.0,4600.0,regular,133000.0,18,12.0,3,1,0,0,0,0,0
22,self,39800.0,2700.0,emergency,101000.0,6,10.0,15,9,1,0,0,0,0
55,self,37700.0,13000.0,regular,316000.0,36,12.0,23,8,1,0,0,0,0
36,wage,37800.0,4700.0,regular,157000.0,18,12.0,3,1,0,1,1,0,0
54,self,13800.0,3800.0,salary,59000.0,24,14.0,8,2,0,0,0,0,0
63,self,27300.0,3600.0,regular,23000.0,12,12.0,22,7,0,1,0,0,0
36,wage,16700.0,400.0,emergency,7000.0,6,10.0,23,3,1,1,0,1,0
65,self,10500.0,1500.0,salary,48000.0,24,14.0,11,6,0,0,0,1,1
37,informal,19300.0,3800.0,regular,31000.0,6,12.0,7,0,0,1,0,0,0
35,self,39900.0,4800.0,regular,157000.0,36,12.0,7,0,0,0,1,0,0
58,wage,27100.0,11300.0,salary,175000.0,24,14.0,11,2,1,0,0,0,1
23,wage,54500.0,11100.0,salary,59000.0,18,14.0,7,1,0,0,1,0,0
47,wage,23800.0,5200.0,regular,53000.0,12,12.0,13,7,0,1,1,0,0
28,wage,66200.0,2600.0,plan-backed,500000.0,48,8.0,1,0,0,1,0,0,0
48,wage,23800.0,1900.0,salary,134000.0,24,14.0,1,1,0,0,1,0,0
33,other,22200.0,2100.0,salary,40000.0,12,14.0,0,0,0,1,0,0,0
64,wage,12400.0,3200.0,regular,54000.0,18,12.0,17,3,0,1,0,0,1
34,informal,36300.0,700.0,salary,24000.0,6,14.0,23,7,0,1,0,1,1
31,wage,17600.0,1900.0,salary,72000.0,12,14.0,2,0,0,1,0,2,0
54,wage,16400.0,600.0,regular,32000.0,6,12.0,22,6,3,1,1,1,0
44,wage,39200.0,2400.0,plan-backed,184000.0,24,8.0,4,2,0,0,1,0,0
50,wage,37000.0,3600.0,plan-backed,92000.0,24,8.0,1,1,0,0,1,0,0
29,informal,36600.0,10400.0,emergency,86000.0,12,10.0,7,4,1,1,0,0,0
32,other,18700.0,8400.0,salary,133000.0,18,14.0,7,4,2,1,0,0,0
31,informal,21500.0,3500.0,emergency,27000.0,12,10.0,24,10,0,1,1,0,0
54,wage,21400.0,5300.0,salary,28000.0,6,14.0,2,0,0,1,0,0,0
48,informal,31300.0,9100.0,salary,5000.0,6,14.0,24,11,2,1,0,0,0
35,wage,44300.0,21200.0,regular,202000.0,12,12.0,21,13,1,1,0,2,0
26,informal,26000.0,13600.0,regular,264000.0,36,12.0,12,1,0,1,0,0,0
48,wage,53500.0,7200.0,regular,64000.0,6,12.0,16,7,0,0,0,1,0
27,wage,32900.0,800.0,plan-backed,69000.0,6,8.0,13,6,1,1,1,1,0
64,wage,19800.0,1400.0,regular,44000.0,6,12.0,22,6,0,0,0,1,0
31,wage,31900.0,1600.0,salary,108000.0,24,14.0,5,1,0,1,0,0,0
37,wage,47400.0,5700.0,emergency,152000.0,12,10.0,23,8,1,0,1,1,0
43,informal,54100.0,5000.0,regular,297000.0,36,12.0,10,3,1,0,0,0,0
31,informal,37500.0,3700.0,plan-backed,165000.0,12,8.0,23,8,0,1,0,0,0
64,other,22300.0,5200.0,emergency,15000.0,6,10.0,24,7,0,0,0,0,0
47,wage,20000.0,900.0,regular,133000.0,18,12.0,21,7,1,0,1,0,1
51,self,28500.0,8000.0,regular,26000.0,6,12.0,19,9,2,0,0,1,0
25,wage,46700.0,7700.0,regular,141000.0,36,12.0,10,6,0,1,0,0,0
50,wage,26700.0,600.0,regular,339000.0,36,12.0,17,7,0,0,1,0,0
55,wage,27000.0,5400.0,regular,59000.0,6,12.0,6,3,0,1,1,0,0
37,wage,22500.0,1700.0,emergency,82000.0,12,10.0,6,5,1,1,1,1,0
55,self,19000.0,9300.0,regular,84000.0,18,12.0,18,8,0,0,0,0,0
25,wage,20500.0,2500.0,regular,120000.0,12,12.0,19,6,1,0,0,1,0
49,wage,23400.0,12600.0,regular,179000.0,36,12.0,6,0,0,0,1,0,0
56,self,47700.0,14600.0,regular,24000.0,18,12.0,24,13,1,1,0,0,0
46,wage,19800.0,5800.0,plan-backed,97000.0,12,8.0,17,7,1,1,1,0,0
22,other,22500.0,1400.0,regular,153000.0,36,12.0,24,6,1,1,0,0,0
42,wage,14900.0,3300.0,regular,46000.0,24,12.0,11,4,1,0,0,0,0
54,informal,30400.0,3900.0,emergency,110000.0,6,10.0,14,6,0,0,0,0,1
25,self,40700.0,5500.0,plan-backed,194000.0,36,8.0,16,6,0,1,0,0,0
37,self,45700.0,11500.0,salary,43000.0,18,14.0,4,0,0,1,1,0,1
54,self,24100.0,11100.0,salary,62000.0,12,14.0,6,1,0,0,0,0,0
42,informal,28500.0,10300.0,plan-backed,16000.0,24,8.0,24,8,2,1,1,0,0
41,self,20500.0,3500.0,emergency,79000.0,12,10.0,16,6,1,1,1,0,0
44,wage,27900.0,2800.0,plan-backed,81000.0,12,8.0,13,8,1,0,1,0,0
45,wage,25300.0,3800.0,regular,137000.0,24,12.0,0,0,0,1,1,0,0
32,self,22600.0,11500.0,salary,154000.0,24,14.0,0,0,0,0,0,0,1
25,wage,23400.0,2900.0,salary,44000.0,24,14.0,13,3,0,0,1,0,0
51,wage,27000.0,4300.0,plan-backed,18000.0,18,8.0,2,1,0,1,1,0,0
57,wage,19300.0,2700.0,emergency,42000.0,6,10.0,3,1,0,1,1,0,0
33,wage,19700.0,2500.0,salary,116000.0,24,14.0,14,2,0,0,1,1,0
34,wage,47400.0,2300.0,regular,36000.0,18,12.0,24,7,0,1,1,0,0
27,self,74500.0,8800.0,emergency,488000.0,12,10.0,20,3,0,0,1,0,0
31,informal,12800.0,3300.0,regular,37000.0,18,12.0,11,2,0,1,0,0,0
37,informal,12500.0,2400.0,emergency,34000.0,12,10.0,23,9,1,0,1,0,0
57,wage,14300.0,3900.0,salary,27000.0,18,14.0,15,7,1,0,0,0,0
58,wage,21000.0,4200.0,regular,149000.0,18,12.0,23,7,1,1,0,0,0
61,self,32900.0,8500.0,regular,153000.0,12,12.0,5,0,0,0,0,0,1
39,wage,28700.0,4800.0,regular,42000.0,18,12.0,14,1,0,0,0,0,0
27,self,23800.0,4200.0,salary,81000.0,18,14.0,23,12,0,1,1,0,0
64,wage,27900.0,6300.0,salary,146000.0,24,14.0,24,12,1,0,0,0,0
24,other,16100.0,4800.0,salary,42000.0,18,14.0,21,8,1,1,0,0,0
22,wage,19700.0,13500.0,regular,143000.0,24,12.0,3,1,0,1,0,1,0
